labor_id,warehouse_id,date,shift,headcount_scheduled,headcount_actual,regular_hours,overtime_hours,hourly_rate,labor_cost
LBR-800001,WH-DXB-01,2025-10-01,Morning,18,18,144.0,2.0,14.5,2131.5
LBR-800002,WH-DXB-01,2025-10-01,Evening,18,18,144.0,0.0,14.5,2088.0
LBR-800003,WH-DXB-01,2025-10-01,Night,18,18,144.0,0.0,14.5,2088.0
LBR-800004,WH-AUH-01,2025-10-01,Morning,8,8,64.0,0.0,14.5,928.0
LBR-800005,WH-AUH-01,2025-10-01,Evening,8,8,64.0,0.0,14.5,928.0
LBR-800006,WH-AUH-01,2025-10-01,Night,8,8,64.0,2.0,14.5,971.5
LBR-800007,WH-SHJ-01,2025-10-01,Morning,6,6,48.0,0.0,14.5,696.0
LBR-800008,WH-SHJ-01,2025-10-01,Evening,6,5,40.0,0.0,14.5,580.0
LBR-800009,WH-SHJ-01,2025-10-01,Night,6,6,48.0,1.5,14.5,728.62
LBR-800010,WH-DWC-01,2025-10-01,Morning,12,12,96.0,0.0,14.5,1392.0
LBR-800011,WH-DWC-01,2025-10-01,Evening,12,12,96.0,0.0,14.5,1392.0
LBR-800012,WH-DWC-01,2025-10-01,Night,12,11,88.0,0.0,14.5,1276.0
LBR-800013,WH-DXB-01,2025-10-02,Morning,18,18,144.0,0.0,14.5,2088.0
LBR-800014,WH-DXB-01,2025-10-02,Evening,18,17,136.0,0.0,14.5,1972.0
LBR-800015,WH-DXB-01,2025-10-02,Night,18,18,144.0,1.5,14.5,2120.62
LBR-800016,WH-AUH-01,2025-10-02,Morning,8,9,72.0,2.0,14.5,1087.5
LBR-800017,WH-AUH-01,2025-10-02,Evening,8,9,72.0,0.0,14.5,1044.0
LBR-800018,WH-AUH-01,2025-10-02,Night,8,7,56.0,0.0,14.5,812.0
LBR-800019,WH-SHJ-01,2025-10-02,Morning,6,6,48.0,1.5,14.5,728.62
LBR-800020,WH-SHJ-01,2025-10-02,Evening,6,6,48.0,2.0,14.5,739.5
LBR-800021,WH-SHJ-01,2025-10-02,Night,6,7,56.0,0.0,14.5,812.0
LBR-800022,WH-DWC-01,2025-10-02,Morning,12,12,96.0,0.0,14.5,1392.0
LBR-800023,WH-DWC-01,2025-10-02,Evening,12,13,104.0,0.0,14.5,1508.0
LBR-800024,WH-DWC-01,2025-10-02,Night,12,13,104.0,2.0,14.5,1551.5
LBR-800025,WH-DXB-01,2025-10-03,Morning,10,11,88.0,2.0,14.5,1319.5
LBR-800026,WH-DXB-01,2025-10-03,Evening,10,10,80.0,0.0,14.5,1160.0
LBR-800027,WH-DXB-01,2025-10-03,Night,10,11,88.0,1.5,14.5,1308.62
LBR-800028,WH-AUH-01,2025-10-03,Morning,4,3,24.0,0.0,14.5,348.0
LBR-800029,WH-AUH-01,2025-10-03,Evening,4,5,40.0,2.0,14.5,623.5
LBR-800030,WH-AUH-01,2025-10-03,Night,4,4,32.0,0.0,14.5,464.0
LBR-800031,WH-SHJ-01,2025-10-03,Morning,3,3,24.0,0.0,14.5,348.0
LBR-800032,WH-SHJ-01,2025-10-03,Evening,3,4,32.0,0.0,14.5,464.0
LBR-800033,WH-SHJ-01,2025-10-03,Night,3,4,32.0,0.0,14.5,464.0
LBR-800034,WH-DWC-01,2025-10-03,Morning,7,6,48.0,0.0,14.5,696.0
LBR-800035,WH-DWC-01,2025-10-03,Evening,7,8,64.0,2.0,14.5,971.5
LBR-800036,WH-DWC-01,2025-10-03,Night,7,8,64.0,1.5,14.5,960.62
LBR-800037,WH-DXB-01,2025-10-04,Morning,10,10,80.0,1.5,14.5,1192.62
LBR-800038,WH-DXB-01,2025-10-04,Evening,10,11,88.0,0.0,14.5,1276.0
LBR-800039,WH-DXB-01,2025-10-04,Night,10,10,80.0,0.0,14.5,1160.0
LBR-800040,WH-AUH-01,2025-10-04,Morning,4,4,32.0,0.0,14.5,464.0
LBR-800041,WH-AUH-01,2025-10-04,Evening,4,4,32.0,1.5,14.5,496.62
LBR-800042,WH-AUH-01,2025-10-04,Night,4,4,32.0,1.5,14.5,496.62
LBR-800043,WH-SHJ-01,2025-10-04,Morning,3,3,24.0,0.0,14.5,348.0
LBR-800044,WH-SHJ-01,2025-10-04,Evening,3,4,32.0,0.0,14.5,464.0
LBR-800045,WH-SHJ-01,2025-10-04,Night,3,3,24.0,0.0,14.5,348.0
LBR-800046,WH-DWC-01,2025-10-04,Morning,7,8,64.0,0.0,14.5,928.0
LBR-800047,WH-DWC-01,2025-10-04,Evening,7,8,64.0,2.0,14.5,971.5
LBR-800048,WH-DWC-01,2025-10-04,Night,7,7,56.0,1.5,14.5,844.62
LBR-800049,WH-DXB-01,2025-10-05,Morning,18,17,136.0,2.0,14.5,2015.5
LBR-800050,WH-DXB-01,2025-10-05,Evening,18,18,144.0,1.5,14.5,2120.62
LBR-800051,WH-DXB-01,2025-10-05,Night,18,17,136.0,1.5,14.5,2004.62
LBR-800052,WH-AUH-01,2025-10-05,Morning,8,9,72.0,0.0,14.5,1044.0
LBR-800053,WH-AUH-01,2025-10-05,Evening,8,9,72.0,2.0,14.5,1087.5
LBR-800054,WH-AUH-01,2025-10-05,Night,8,9,72.0,2.0,14.5,1087.5
LBR-800055,WH-SHJ-01,2025-10-05,Morning,6,6,48.0,0.0,14.5,696.0
LBR-800056,WH-SHJ-01,2025-10-05,Evening,6,7,56.0,0.0,14.5,812.0
LBR-800057,WH-SHJ-01,2025-10-05,Night,6,6,48.0,2.0,14.5,739.5
LBR-800058,WH-DWC-01,2025-10-05,Morning,12,12,96.0,1.5,14.5,1424.62
LBR-800059,WH-DWC-01,2025-10-05,Evening,12,13,104.0,0.0,14.5,1508.0
LBR-800060,WH-DWC-01,2025-10-05,Night,12,11,88.0,1.5,14.5,1308.62
LBR-800061,WH-DXB-01,2025-10-06,Morning,18,19,152.0,0.0,14.5,2204.0
LBR-800062,WH-DXB-01,2025-10-06,Evening,18,18,144.0,0.0,14.5,2088.0
LBR-800063,WH-DXB-01,2025-10-06,Night,18,18,144.0,0.0,14.5,2088.0
LBR-800064,WH-AUH-01,2025-10-06,Morning,8,9,72.0,2.0,14.5,1087.5
LBR-800065,WH-AUH-01,2025-10-06,Evening,8,8,64.0,0.0,14.5,928.0
LBR-800066,WH-AUH-01,2025-10-06,Night,8,8,64.0,0.0,14.5,928.0
LBR-800067,WH-SHJ-01,2025-10-06,Morning,6,5,40.0,0.0,14.5,580.0
LBR-800068,WH-SHJ-01,2025-10-06,Evening,6,6,48.0,0.0,14.5,696.0
LBR-800069,WH-SHJ-01,2025-10-06,Night,6,7,56.0,1.5,14.5,844.62
LBR-800070,WH-DWC-01,2025-10-06,Morning,12,12,96.0,1.5,14.5,1424.62
LBR-800071,WH-DWC-01,2025-10-06,Evening,12,12,96.0,2.0,14.5,1435.5
LBR-800072,WH-DWC-01,2025-10-06,Night,12,11,88.0,1.5,14.5,1308.62
LBR-800073,WH-DXB-01,2025-10-07,Morning,18,19,152.0,2.0,14.5,2247.5
LBR-800074,WH-DXB-01,2025-10-07,Evening,18,18,144.0,1.5,14.5,2120.62
LBR-800075,WH-DXB-01,2025-10-07,Night,18,19,152.0,0.0,14.5,2204.0
LBR-800076,WH-AUH-01,2025-10-07,Morning,8,8,64.0,0.0,14.5,928.0
LBR-800077,WH-AUH-01,2025-10-07,Evening,8,7,56.0,1.5,14.5,844.62
LBR-800078,WH-AUH-01,2025-10-07,Night,8,9,72.0,2.0,14.5,1087.5
LBR-800079,WH-SHJ-01,2025-10-07,Morning,6,6,48.0,0.0,14.5,696.0
LBR-800080,WH-SHJ-01,2025-10-07,Evening,6,6,48.0,0.0,14.5,696.0
LBR-800081,WH-SHJ-01,2025-10-07,Night,6,6,48.0,0.0,14.5,696.0
LBR-800082,WH-DWC-01,2025-10-07,Morning,12,12,96.0,1.5,14.5,1424.62
LBR-800083,WH-DWC-01,2025-10-07,Evening,12,12,96.0,1.5,14.5,1424.62
LBR-800084,WH-DWC-01,2025-10-07,Night,12,13,104.0,1.5,14.5,1540.62
LBR-800085,WH-DXB-01,2025-10-08,Morning,18,19,152.0,0.0,14.5,2204.0
LBR-800086,WH-DXB-01,2025-10-08,Evening,18,19,152.0,0.0,14.5,2204.0
LBR-800087,WH-DXB-01,2025-10-08,Night,18,18,144.0,1.5,14.5,2120.62
LBR-800088,WH-AUH-01,2025-10-08,Morning,8,7,56.0,0.0,14.5,812.0
LBR-800089,WH-AUH-01,2025-10-08,Evening,8,7,56.0,1.5,14.5,844.62
LBR-800090,WH-AUH-01,2025-10-08,Night,8,8,64.0,0.0,14.5,928.0
LBR-800091,WH-SHJ-01,2025-10-08,Morning,6,7,56.0,1.5,14.5,844.62
LBR-800092,WH-SHJ-01,2025-10-08,Evening,6,5,40.0,1.5,14.5,612.62
LBR-800093,WH-SHJ-01,2025-10-08,Night,6,7,56.0,0.0,14.5,812.0
LBR-800094,WH-DWC-01,2025-10-08,Morning,12,12,96.0,0.0,14.5,1392.0
LBR-800095,WH-DWC-01,2025-10-08,Evening,12,12,96.0,0.0,14.5,1392.0
LBR-800096,WH-DWC-01,2025-10-08,Night,12,12,96.0,0.0,14.5,1392.0
LBR-800097,WH-DXB-01,2025-10-09,Morning,18,19,152.0,0.0,14.5,2204.0
LBR-800098,WH-DXB-01,2025-10-09,Evening,18,19,152.0,2.0,14.5,2247.5
LBR-800099,WH-DXB-01,2025-10-09,Night,18,18,144.0,2.0,14.5,2131.5
LBR-800100,WH-AUH-01,2025-10-09,Morning,8,9,72.0,2.0,14.5,1087.5
LBR-800101,WH-AUH-01,2025-10-09,Evening,8,8,64.0,0.0,14.5,928.0
LBR-800102,WH-AUH-01,2025-10-09,Night,8,8,64.0,2.0,14.5,971.5
LBR-800103,WH-SHJ-01,2025-10-09,Morning,6,6,48.0,1.5,14.5,728.62
LBR-800104,WH-SHJ-01,2025-10-09,Evening,6,7,56.0,0.0,14.5,812.0
LBR-800105,WH-SHJ-01,2025-10-09,Night,6,5,40.0,0.0,14.5,580.0
LBR-800106,WH-DWC-01,2025-10-09,Morning,12,12,96.0,2.0,14.5,1435.5
LBR-800107,WH-DWC-01,2025-10-09,Evening,12,13,104.0,2.0,14.5,1551.5
LBR-800108,WH-DWC-01,2025-10-09,Night,12,11,88.0,0.0,14.5,1276.0
LBR-800109,WH-DXB-01,2025-10-10,Morning,10,10,80.0,2.0,14.5,1203.5
LBR-800110,WH-DXB-01,2025-10-10,Evening,10,9,72.0,2.0,14.5,1087.5
LBR-800111,WH-DXB-01,2025-10-10,Night,10,11,88.0,2.0,14.5,1319.5
LBR-800112,WH-AUH-01,2025-10-10,Morning,4,4,32.0,0.0,14.5,464.0
LBR-800113,WH-AUH-01,2025-10-10,Evening,4,4,32.0,2.0,14.5,507.5
LBR-800114,WH-AUH-01,2025-10-10,Night,4,5,40.0,0.0,14.5,580.0
LBR-800115,WH-SHJ-01,2025-10-10,Morning,3,4,32.0,0.0,14.5,464.0
LBR-800116,WH-SHJ-01,2025-10-10,Evening,3,4,32.0,2.0,14.5,507.5
LBR-800117,WH-SHJ-01,2025-10-10,Night,3,3,24.0,0.0,14.5,348.0
LBR-800118,WH-DWC-01,2025-10-10,Morning,7,7,56.0,0.0,14.5,812.0
LBR-800119,WH-DWC-01,2025-10-10,Evening,7,8,64.0,0.0,14.5,928.0
LBR-800120,WH-DWC-01,2025-10-10,Night,7,7,56.0,1.5,14.5,844.62
LBR-800121,WH-DXB-01,2025-10-11,Morning,10,11,88.0,1.5,14.5,1308.62
LBR-800122,WH-DXB-01,2025-10-11,Evening,10,9,72.0,2.0,14.5,1087.5
LBR-800123,WH-DXB-01,2025-10-11,Night,10,10,80.0,0.0,14.5,1160.0
LBR-800124,WH-AUH-01,2025-10-11,Morning,4,4,32.0,2.0,14.5,507.5
LBR-800125,WH-AUH-01,2025-10-11,Evening,4,4,32.0,2.0,14.5,507.5
LBR-800126,WH-AUH-01,2025-10-11,Night,4,4,32.0,0.0,14.5,464.0
LBR-800127,WH-SHJ-01,2025-10-11,Morning,3,2,16.0,2.0,14.5,275.5
LBR-800128,WH-SHJ-01,2025-10-11,Evening,3,3,24.0,0.0,14.5,348.0
LBR-800129,WH-SHJ-01,2025-10-11,Night,3,2,16.0,2.0,14.5,275.5
LBR-800130,WH-DWC-01,2025-10-11,Morning,7,8,64.0,1.5,14.5,960.62
LBR-800131,WH-DWC-01,2025-10-11,Evening,7,7,56.0,0.0,14.5,812.0
LBR-800132,WH-DWC-01,2025-10-11,Night,7,7,56.0,2.0,14.5,855.5
LBR-800133,WH-DXB-01,2025-10-12,Morning,18,18,144.0,2.0,14.5,2131.5
LBR-800134,WH-DXB-01,2025-10-12,Evening,18,19,152.0,0.0,14.5,2204.0
LBR-800135,WH-DXB-01,2025-10-12,Night,18,17,136.0,0.0,14.5,1972.0
LBR-800136,WH-AUH-01,2025-10-12,Morning,8,9,72.0,2.0,14.5,1087.5
LBR-800137,WH-AUH-01,2025-10-12,Evening,8,7,56.0,2.0,14.5,855.5
LBR-800138,WH-AUH-01,2025-10-12,Night,8,7,56.0,1.5,14.5,844.62
LBR-800139,WH-SHJ-01,2025-10-12,Morning,6,7,56.0,1.5,14.5,844.62
LBR-800140,WH-SHJ-01,2025-10-12,Evening,6,6,48.0,0.0,14.5,696.0
LBR-800141,WH-SHJ-01,2025-10-12,Night,6,7,56.0,0.0,14.5,812.0
LBR-800142,WH-DWC-01,2025-10-12,Morning,12,11,88.0,0.0,14.5,1276.0
LBR-800143,WH-DWC-01,2025-10-12,Evening,12,12,96.0,0.0,14.5,1392.0
LBR-800144,WH-DWC-01,2025-10-12,Night,12,11,88.0,2.0,14.5,1319.5
LBR-800145,WH-DXB-01,2025-10-13,Morning,18,17,136.0,0.0,14.5,1972.0
LBR-800146,WH-DXB-01,2025-10-13,Evening,18,18,144.0,1.5,14.5,2120.62
LBR-800147,WH-DXB-01,2025-10-13,Night,18,18,144.0,0.0,14.5,2088.0
LBR-800148,WH-AUH-01,2025-10-13,Morning,8,9,72.0,2.0,14.5,1087.5
LBR-800149,WH-AUH-01,2025-10-13,Evening,8,8,64.0,0.0,14.5,928.0
LBR-800150,WH-AUH-01,2025-10-13,Night,8,9,72.0,0.0,14.5,1044.0
LBR-800151,WH-SHJ-01,2025-10-13,Morning,6,6,48.0,0.0,14.5,696.0
LBR-800152,WH-SHJ-01,2025-10-13,Evening,6,6,48.0,0.0,14.5,696.0
LBR-800153,WH-SHJ-01,2025-10-13,Night,6,6,48.0,1.5,14.5,728.62
LBR-800154,WH-DWC-01,2025-10-13,Morning,12,11,88.0,0.0,14.5,1276.0
LBR-800155,WH-DWC-01,2025-10-13,Evening,12,11,88.0,2.0,14.5,1319.5
LBR-800156,WH-DWC-01,2025-10-13,Night,12,11,88.0,0.0,14.5,1276.0
LBR-800157,WH-DXB-01,2025-10-14,Morning,18,18,144.0,0.0,14.5,2088.0
LBR-800158,WH-DXB-01,2025-10-14,Evening,18,19,152.0,1.5,14.5,2236.62
LBR-800159,WH-DXB-01,2025-10-14,Night,18,19,152.0,0.0,14.5,2204.0
LBR-800160,WH-AUH-01,2025-10-14,Morning,8,8,64.0,0.0,14.5,928.0
LBR-800161,WH-AUH-01,2025-10-14,Evening,8,7,56.0,2.0,14.5,855.5
LBR-800162,WH-AUH-01,2025-10-14,Night,8,8,64.0,2.0,14.5,971.5
LBR-800163,WH-SHJ-01,2025-10-14,Morning,6,5,40.0,0.0,14.5,580.0
LBR-800164,WH-SHJ-01,2025-10-14,Evening,6,7,56.0,2.0,14.5,855.5
LBR-800165,WH-SHJ-01,2025-10-14,Night,6,7,56.0,1.5,14.5,844.62
LBR-800166,WH-DWC-01,2025-10-14,Morning,12,12,96.0,0.0,14.5,1392.0
LBR-800167,WH-DWC-01,2025-10-14,Evening,12,12,96.0,0.0,14.5,1392.0
LBR-800168,WH-DWC-01,2025-10-14,Night,12,12,96.0,2.0,14.5,1435.5
LBR-800169,WH-DXB-01,2025-10-15,Morning,18,17,136.0,0.0,14.5,1972.0
LBR-800170,WH-DXB-01,2025-10-15,Evening,18,17,136.0,1.5,14.5,2004.62
LBR-800171,WH-DXB-01,2025-10-15,Night,18,18,144.0,2.0,14.5,2131.5
LBR-800172,WH-AUH-01,2025-10-15,Morning,8,8,64.0,1.5,14.5,960.62
LBR-800173,WH-AUH-01,2025-10-15,Evening,8,8,64.0,1.5,14.5,960.62
LBR-800174,WH-AUH-01,2025-10-15,Night,8,8,64.0,2.0,14.5,971.5
LBR-800175,WH-SHJ-01,2025-10-15,Morning,6,5,40.0,1.5,14.5,612.62
LBR-800176,WH-SHJ-01,2025-10-15,Evening,6,5,40.0,2.0,14.5,623.5
LBR-800177,WH-SHJ-01,2025-10-15,Night,6,6,48.0,0.0,14.5,696.0
LBR-800178,WH-DWC-01,2025-10-15,Morning,12,12,96.0,0.0,14.5,1392.0
LBR-800179,WH-DWC-01,2025-10-15,Evening,12,12,96.0,1.5,14.5,1424.62
LBR-800180,WH-DWC-01,2025-10-15,Night,12,13,104.0,2.0,14.5,1551.5
LBR-800181,WH-DXB-01,2025-10-16,Morning,18,19,152.0,0.0,14.5,2204.0
LBR-800182,WH-DXB-01,2025-10-16,Evening,18,18,144.0,0.0,14.5,2088.0
LBR-800183,WH-DXB-01,2025-10-16,Night,18,17,136.0,0.0,14.5,1972.0
LBR-800184,WH-AUH-01,2025-10-16,Morning,8,9,72.0,0.0,14.5,1044.0
LBR-800185,WH-AUH-01,2025-10-16,Evening,8,8,64.0,0.0,14.5,928.0
LBR-800186,WH-AUH-01,2025-10-16,Night,8,7,56.0,0.0,14.5,812.0
LBR-800187,WH-SHJ-01,2025-10-16,Morning,6,6,48.0,1.5,14.5,728.62
LBR-800188,WH-SHJ-01,2025-10-16,Evening,6,6,48.0,0.0,14.5,696.0
LBR-800189,WH-SHJ-01,2025-10-16,Night,6,7,56.0,0.0,14.5,812.0
LBR-800190,WH-DWC-01,2025-10-16,Morning,12,12,96.0,0.0,14.5,1392.0
LBR-800191,WH-DWC-01,2025-10-16,Evening,12,12,96.0,2.0,14.5,1435.5
LBR-800192,WH-DWC-01,2025-10-16,Night,12,11,88.0,0.0,14.5,1276.0
LBR-800193,WH-DXB-01,2025-10-17,Morning,10,10,80.0,0.0,14.5,1160.0
LBR-800194,WH-DXB-01,2025-10-17,Evening,10,10,80.0,0.0,14.5,1160.0
LBR-800195,WH-DXB-01,2025-10-17,Night,10,10,80.0,1.5,14.5,1192.62
LBR-800196,WH-AUH-01,2025-10-17,Morning,4,5,40.0,2.0,14.5,623.5
LBR-800197,WH-AUH-01,2025-10-17,Evening,4,5,40.0,1.5,14.5,612.62
LBR-800198,WH-AUH-01,2025-10-17,Night,4,5,40.0,1.5,14.5,612.62
LBR-800199,WH-SHJ-01,2025-10-17,Morning,3,3,24.0,2.0,14.5,391.5
LBR-800200,WH-SHJ-01,2025-10-17,Evening,3,3,24.0,0.0,14.5,348.0
LBR-800201,WH-SHJ-01,2025-10-17,Night,3,3,24.0,1.5,14.5,380.62
LBR-800202,WH-DWC-01,2025-10-17,Morning,7,6,48.0,2.0,14.5,739.5
LBR-800203,WH-DWC-01,2025-10-17,Evening,7,7,56.0,0.0,14.5,812.0
LBR-800204,WH-DWC-01,2025-10-17,Night,7,6,48.0,2.0,14.5,739.5
LBR-800205,WH-DXB-01,2025-10-18,Morning,10,10,80.0,0.0,14.5,1160.0
LBR-800206,WH-DXB-01,2025-10-18,Evening,10,9,72.0,0.0,14.5,1044.0
LBR-800207,WH-DXB-01,2025-10-18,Night,10,10,80.0,2.0,14.5,1203.5
LBR-800208,WH-AUH-01,2025-10-18,Morning,4,3,24.0,0.0,14.5,348.0
LBR-800209,WH-AUH-01,2025-10-18,Evening,4,5,40.0,2.0,14.5,623.5
LBR-800210,WH-AUH-01,2025-10-18,Night,4,5,40.0,0.0,14.5,580.0
LBR-800211,WH-SHJ-01,2025-10-18,Morning,3,3,24.0,2.0,14.5,391.5
LBR-800212,WH-SHJ-01,2025-10-18,Evening,3,3,24.0,1.5,14.5,380.62
LBR-800213,WH-SHJ-01,2025-10-18,Night,3,4,32.0,1.5,14.5,496.62
LBR-800214,WH-DWC-01,2025-10-18,Morning,7,8,64.0,2.0,14.5,971.5
LBR-800215,WH-DWC-01,2025-10-18,Evening,7,6,48.0,1.5,14.5,728.62
LBR-800216,WH-DWC-01,2025-10-18,Night,7,8,64.0,2.0,14.5,971.5
LBR-800217,WH-DXB-01,2025-10-19,Morning,18,18,144.0,0.0,14.5,2088.0
LBR-800218,WH-DXB-01,2025-10-19,Evening,18,18,144.0,1.5,14.5,2120.62
LBR-800219,WH-DXB-01,2025-10-19,Night,18,19,152.0,0.0,14.5,2204.0
LBR-800220,WH-AUH-01,2025-10-19,Morning,8,8,64.0,2.0,14.5,971.5
LBR-800221,WH-AUH-01,2025-10-19,Evening,8,8,64.0,0.0,14.5,928.0
LBR-800222,WH-AUH-01,2025-10-19,Night,8,9,72.0,1.5,14.5,1076.62
LBR-800223,WH-SHJ-01,2025-10-19,Morning,6,5,40.0,1.5,14.5,612.62
LBR-800224,WH-SHJ-01,2025-10-19,Evening,6,6,48.0,2.0,14.5,739.5
LBR-800225,WH-SHJ-01,2025-10-19,Night,6,5,40.0,2.0,14.5,623.5
LBR-800226,WH-DWC-01,2025-10-19,Morning,12,12,96.0,1.5,14.5,1424.62
LBR-800227,WH-DWC-01,2025-10-19,Evening,12,13,104.0,2.0,14.5,1551.5
LBR-800228,WH-DWC-01,2025-10-19,Night,12,12,96.0,2.0,14.5,1435.5
LBR-800229,WH-DXB-01,2025-10-20,Morning,18,18,144.0,0.0,14.5,2088.0
LBR-800230,WH-DXB-01,2025-10-20,Evening,18,19,152.0,0.0,14.5,2204.0
LBR-800231,WH-DXB-01,2025-10-20,Night,18,18,144.0,2.0,14.5,2131.5
LBR-800232,WH-AUH-01,2025-10-20,Morning,8,7,56.0,1.5,14.5,844.62
LBR-800233,WH-AUH-01,2025-10-20,Evening,8,8,64.0,1.5,14.5,960.62
LBR-800234,WH-AUH-01,2025-10-20,Night,8,8,64.0,0.0,14.5,928.0
LBR-800235,WH-SHJ-01,2025-10-20,Morning,6,7,56.0,0.0,14.5,812.0
LBR-800236,WH-SHJ-01,2025-10-20,Evening,6,6,48.0,1.5,14.5,728.62
LBR-800237,WH-SHJ-01,2025-10-20,Night,6,6,48.0,0.0,14.5,696.0
LBR-800238,WH-DWC-01,2025-10-20,Morning,12,13,104.0,0.0,14.5,1508.0
LBR-800239,WH-DWC-01,2025-10-20,Evening,12,11,88.0,0.0,14.5,1276.0
LBR-800240,WH-DWC-01,2025-10-20,Night,12,11,88.0,2.0,14.5,1319.5
LBR-800241,WH-DXB-01,2025-10-21,Morning,18,19,152.0,0.0,14.5,2204.0
LBR-800242,WH-DXB-01,2025-10-21,Evening,18,19,152.0,1.5,14.5,2236.62
LBR-800243,WH-DXB-01,2025-10-21,Night,18,18,144.0,0.0,14.5,2088.0
LBR-800244,WH-AUH-01,2025-10-21,Morning,8,8,64.0,1.5,14.5,960.62
LBR-800245,WH-AUH-01,2025-10-21,Evening,8,9,72.0,2.0,14.5,1087.5
LBR-800246,WH-AUH-01,2025-10-21,Night,8,7,56.0,0.0,14.5,812.0
LBR-800247,WH-SHJ-01,2025-10-21,Morning,6,6,48.0,0.0,14.5,696.0
LBR-800248,WH-SHJ-01,2025-10-21,Evening,6,5,40.0,2.0,14.5,623.5
LBR-800249,WH-SHJ-01,2025-10-21,Night,6,6,48.0,2.0,14.5,739.5
LBR-800250,WH-DWC-01,2025-10-21,Morning,12,13,104.0,0.0,14.5,1508.0
LBR-800251,WH-DWC-01,2025-10-21,Evening,12,12,96.0,2.0,14.5,1435.5
LBR-800252,WH-DWC-01,2025-10-21,Night,12,12,96.0,1.5,14.5,1424.62
LBR-800253,WH-DXB-01,2025-10-22,Morning,18,17,136.0,0.0,14.5,1972.0
LBR-800254,WH-DXB-01,2025-10-22,Evening,18,17,136.0,1.5,14.5,2004.62
LBR-800255,WH-DXB-01,2025-10-22,Night,18,17,136.0,0.0,14.5,1972.0
LBR-800256,WH-AUH-01,2025-10-22,Morning,8,8,64.0,2.0,14.5,971.5
LBR-800257,WH-AUH-01,2025-10-22,Evening,8,8,64.0,2.0,14.5,971.5
LBR-800258,WH-AUH-01,2025-10-22,Night,8,7,56.0,0.0,14.5,812.0
LBR-800259,WH-SHJ-01,2025-10-22,Morning,6,6,48.0,1.5,14.5,728.62
LBR-800260,WH-SHJ-01,2025-10-22,Evening,6,5,40.0,0.0,14.5,580.0
LBR-800261,WH-SHJ-01,2025-10-22,Night,6,5,40.0,0.0,14.5,580.0
LBR-800262,WH-DWC-01,2025-10-22,Morning,12,11,88.0,2.0,14.5,1319.5
LBR-800263,WH-DWC-01,2025-10-22,Evening,12,12,96.0,1.5,14.5,1424.62
LBR-800264,WH-DWC-01,2025-10-22,Night,12,12,96.0,0.0,14.5,1392.0
LBR-800265,WH-DXB-01,2025-10-23,Morning,18,19,152.0,1.5,14.5,2236.62
LBR-800266,WH-DXB-01,2025-10-23,Evening,18,17,136.0,0.0,14.5,1972.0
LBR-800267,WH-DXB-01,2025-10-23,Night,18,17,136.0,2.0,14.5,2015.5
LBR-800268,WH-AUH-01,2025-10-23,Morning,8,9,72.0,0.0,14.5,1044.0
LBR-800269,WH-AUH-01,2025-10-23,Evening,8,9,72.0,0.0,14.5,1044.0
LBR-800270,WH-AUH-01,2025-10-23,Night,8,7,56.0,0.0,14.5,812.0
LBR-800271,WH-SHJ-01,2025-10-23,Morning,6,7,56.0,0.0,14.5,812.0
LBR-800272,WH-SHJ-01,2025-10-23,Evening,6,6,48.0,2.0,14.5,739.5
LBR-800273,WH-SHJ-01,2025-10-23,Night,6,7,56.0,1.5,14.5,844.62
LBR-800274,WH-DWC-01,2025-10-23,Morning,12,13,104.0,0.0,14.5,1508.0
LBR-800275,WH-DWC-01,2025-10-23,Evening,12,11,88.0,0.0,14.5,1276.0
LBR-800276,WH-DWC-01,2025-10-23,Night,12,13,104.0,0.0,14.5,1508.0
LBR-800277,WH-DXB-01,2025-10-24,Morning,10,10,80.0,0.0,14.5,1160.0
LBR-800278,WH-DXB-01,2025-10-24,Evening,10,11,88.0,0.0,14.5,1276.0
LBR-800279,WH-DXB-01,2025-10-24,Night,10,10,80.0,1.5,14.5,1192.62
LBR-800280,WH-AUH-01,2025-10-24,Morning,4,4,32.0,2.0,14.5,507.5
LBR-800281,WH-AUH-01,2025-10-24,Evening,4,4,32.0,0.0,14.5,464.0
LBR-800282,WH-AUH-01,2025-10-24,Night,4,5,40.0,1.5,14.5,612.62
LBR-800283,WH-SHJ-01,2025-10-24,Morning,3,2,16.0,2.0,14.5,275.5
LBR-800284,WH-SHJ-01,2025-10-24,Evening,3,3,24.0,1.5,14.5,380.62
LBR-800285,WH-SHJ-01,2025-10-24,Night,3,3,24.0,1.5,14.5,380.62
LBR-800286,WH-DWC-01,2025-10-24,Morning,7,8,64.0,0.0,14.5,928.0
LBR-800287,WH-DWC-01,2025-10-24,Evening,7,6,48.0,0.0,14.5,696.0
LBR-800288,WH-DWC-01,2025-10-24,Night,7,6,48.0,2.0,14.5,739.5
LBR-800289,WH-DXB-01,2025-10-25,Morning,10,9,72.0,0.0,14.5,1044.0
LBR-800290,WH-DXB-01,2025-10-25,Evening,10,10,80.0,0.0,14.5,1160.0
LBR-800291,WH-DXB-01,2025-10-25,Night,10,11,88.0,2.0,14.5,1319.5
LBR-800292,WH-AUH-01,2025-10-25,Morning,4,4,32.0,0.0,14.5,464.0
LBR-800293,WH-AUH-01,2025-10-25,Evening,4,3,24.0,1.5,14.5,380.62
LBR-800294,WH-AUH-01,2025-10-25,Night,4,4,32.0,0.0,14.5,464.0
LBR-800295,WH-SHJ-01,2025-10-25,Morning,3,3,24.0,0.0,14.5,348.0
LBR-800296,WH-SHJ-01,2025-10-25,Evening,3,3,24.0,1.5,14.5,380.62
LBR-800297,WH-SHJ-01,2025-10-25,Night,3,3,24.0,1.5,14.5,380.62
LBR-800298,WH-DWC-01,2025-10-25,Morning,7,6,48.0,0.0,14.5,696.0
LBR-800299,WH-DWC-01,2025-10-25,Evening,7,7,56.0,0.0,14.5,812.0
LBR-800300,WH-DWC-01,2025-10-25,Night,7,8,64.0,0.0,14.5,928.0
LBR-800301,WH-DXB-01,2025-10-26,Morning,18,18,144.0,1.5,14.5,2120.62
LBR-800302,WH-DXB-01,2025-10-26,Evening,18,18,144.0,2.0,14.5,2131.5
LBR-800303,WH-DXB-01,2025-10-26,Night,18,17,136.0,1.5,14.5,2004.62
LBR-800304,WH-AUH-01,2025-10-26,Morning,8,8,64.0,2.0,14.5,971.5
LBR-800305,WH-AUH-01,2025-10-26,Evening,8,9,72.0,1.5,14.5,1076.62
LBR-800306,WH-AUH-01,2025-10-26,Night,8,8,64.0,1.5,14.5,960.62
LBR-800307,WH-SHJ-01,2025-10-26,Morning,6,6,48.0,1.5,14.5,728.62
LBR-800308,WH-SHJ-01,2025-10-26,Evening,6,7,56.0,1.5,14.5,844.62
LBR-800309,WH-SHJ-01,2025-10-26,Night,6,5,40.0,0.0,14.5,580.0
LBR-800310,WH-DWC-01,2025-10-26,Morning,12,12,96.0,2.0,14.5,1435.5
LBR-800311,WH-DWC-01,2025-10-26,Evening,12,13,104.0,2.0,14.5,1551.5
LBR-800312,WH-DWC-01,2025-10-26,Night,12,13,104.0,1.5,14.5,1540.62
LBR-800313,WH-DXB-01,2025-10-27,Morning,18,18,144.0,2.0,14.5,2131.5
LBR-800314,WH-DXB-01,2025-10-27,Evening,18,18,144.0,0.0,14.5,2088.0
LBR-800315,WH-DXB-01,2025-10-27,Night,18,18,144.0,0.0,14.5,2088.0
LBR-800316,WH-AUH-01,2025-10-27,Morning,8,9,72.0,0.0,14.5,1044.0
LBR-800317,WH-AUH-01,2025-10-27,Evening,8,8,64.0,0.0,14.5,928.0
LBR-800318,WH-AUH-01,2025-10-27,Night,8,9,72.0,0.0,14.5,1044.0
LBR-800319,WH-SHJ-01,2025-10-27,Morning,6,6,48.0,1.5,14.5,728.62
LBR-800320,WH-SHJ-01,2025-10-27,Evening,6,6,48.0,1.5,14.5,728.62
LBR-800321,WH-SHJ-01,2025-10-27,Night,6,6,48.0,1.5,14.5,728.62
LBR-800322,WH-DWC-01,2025-10-27,Morning,12,13,104.0,0.0,14.5,1508.0
LBR-800323,WH-DWC-01,2025-10-27,Evening,12,12,96.0,2.0,14.5,1435.5
LBR-800324,WH-DWC-01,2025-10-27,Night,12,12,96.0,0.0,14.5,1392.0
LBR-800325,WH-DXB-01,2025-10-28,Morning,18,18,144.0,2.0,14.5,2131.5
LBR-800326,WH-DXB-01,2025-10-28,Evening,18,18,144.0,0.0,14.5,2088.0
LBR-800327,WH-DXB-01,2025-10-28,Night,18,18,144.0,2.0,14.5,2131.5
LBR-800328,WH-AUH-01,2025-10-28,Morning,8,9,72.0,2.0,14.5,1087.5
LBR-800329,WH-AUH-01,2025-10-28,Evening,8,8,64.0,2.0,14.5,971.5
LBR-800330,WH-AUH-01,2025-10-28,Night,8,7,56.0,1.5,14.5,844.62
LBR-800331,WH-SHJ-01,2025-10-28,Morning,6,6,48.0,2.0,14.5,739.5
LBR-800332,WH-SHJ-01,2025-10-28,Evening,6,7,56.0,0.0,14.5,812.0
LBR-800333,WH-SHJ-01,2025-10-28,Night,6,7,56.0,2.0,14.5,855.5
LBR-800334,WH-DWC-01,2025-10-28,Morning,12,12,96.0,0.0,14.5,1392.0
LBR-800335,WH-DWC-01,2025-10-28,Evening,12,13,104.0,1.5,14.5,1540.62
LBR-800336,WH-DWC-01,2025-10-28,Night,12,13,104.0,1.5,14.5,1540.62
LBR-800337,WH-DXB-01,2025-10-29,Morning,18,17,136.0,1.5,14.5,2004.62
LBR-800338,WH-DXB-01,2025-10-29,Evening,18,17,136.0,1.5,14.5,2004.62
LBR-800339,WH-DXB-01,2025-10-29,Night,18,17,136.0,0.0,14.5,1972.0
LBR-800340,WH-AUH-01,2025-10-29,Morning,8,8,64.0,0.0,14.5,928.0
LBR-800341,WH-AUH-01,2025-10-29,Evening,8,9,72.0,0.0,14.5,1044.0
LBR-800342,WH-AUH-01,2025-10-29,Night,8,7,56.0,2.0,14.5,855.5
LBR-800343,WH-SHJ-01,2025-10-29,Morning,6,7,56.0,0.0,14.5,812.0
LBR-800344,WH-SHJ-01,2025-10-29,Evening,6,7,56.0,0.0,14.5,812.0
LBR-800345,WH-SHJ-01,2025-10-29,Night,6,7,56.0,2.0,14.5,855.5
LBR-800346,WH-DWC-01,2025-10-29,Morning,12,12,96.0,0.0,14.5,1392.0
LBR-800347,WH-DWC-01,2025-10-29,Evening,12,13,104.0,0.0,14.5,1508.0
LBR-800348,WH-DWC-01,2025-10-29,Night,12,12,96.0,2.0,14.5,1435.5
LBR-800349,WH-DXB-01,2025-10-30,Morning,18,18,144.0,0.0,14.5,2088.0
LBR-800350,WH-DXB-01,2025-10-30,Evening,18,19,152.0,2.0,14.5,2247.5
LBR-800351,WH-DXB-01,2025-10-30,Night,18,18,144.0,0.0,14.5,2088.0
LBR-800352,WH-AUH-01,2025-10-30,Morning,8,8,64.0,0.0,14.5,928.0
LBR-800353,WH-AUH-01,2025-10-30,Evening,8,9,72.0,0.0,14.5,1044.0
LBR-800354,WH-AUH-01,2025-10-30,Night,8,8,64.0,2.0,14.5,971.5
LBR-800355,WH-SHJ-01,2025-10-30,Morning,6,6,48.0,2.0,14.5,739.5
LBR-800356,WH-SHJ-01,2025-10-30,Evening,6,6,48.0,0.0,14.5,696.0
LBR-800357,WH-SHJ-01,2025-10-30,Night,6,5,40.0,1.5,14.5,612.62
LBR-800358,WH-DWC-01,2025-10-30,Morning,12,12,96.0,2.0,14.5,1435.5
LBR-800359,WH-DWC-01,2025-10-30,Evening,12,12,96.0,1.5,14.5,1424.62
LBR-800360,WH-DWC-01,2025-10-30,Night,12,13,104.0,0.0,14.5,1508.0
LBR-800361,WH-DXB-01,2025-10-31,Morning,10,10,80.0,1.5,14.5,1192.62
LBR-800362,WH-DXB-01,2025-10-31,Evening,10,9,72.0,2.0,14.5,1087.5
LBR-800363,WH-DXB-01,2025-10-31,Night,10,9,72.0,1.5,14.5,1076.62
LBR-800364,WH-AUH-01,2025-10-31,Morning,4,5,40.0,0.0,14.5,580.0
LBR-800365,WH-AUH-01,2025-10-31,Evening,4,4,32.0,2.0,14.5,507.5
LBR-800366,WH-AUH-01,2025-10-31,Night,4,3,24.0,2.0,14.5,391.5
LBR-800367,WH-SHJ-01,2025-10-31,Morning,3,3,24.0,0.0,14.5,348.0
LBR-800368,WH-SHJ-01,2025-10-31,Evening,3,2,16.0,0.0,14.5,232.0
LBR-800369,WH-SHJ-01,2025-10-31,Night,3,3,24.0,0.0,14.5,348.0
LBR-800370,WH-DWC-01,2025-10-31,Morning,7,8,64.0,2.0,14.5,971.5
LBR-800371,WH-DWC-01,2025-10-31,Evening,7,6,48.0,1.5,14.5,728.62
LBR-800372,WH-DWC-01,2025-10-31,Night,7,8,64.0,2.0,14.5,971.5
LBR-800373,WH-DXB-01,2025-11-01,Morning,10,9,72.0,2.0,14.5,1087.5
LBR-800374,WH-DXB-01,2025-11-01,Evening,10,10,80.0,0.0,14.5,1160.0
LBR-800375,WH-DXB-01,2025-11-01,Night,10,11,88.0,2.0,14.5,1319.5
LBR-800376,WH-AUH-01,2025-11-01,Morning,4,4,32.0,2.0,14.5,507.5
LBR-800377,WH-AUH-01,2025-11-01,Evening,4,3,24.0,0.0,14.5,348.0
LBR-800378,WH-AUH-01,2025-11-01,Night,4,4,32.0,1.5,14.5,496.62
LBR-800379,WH-SHJ-01,2025-11-01,Morning,3,4,32.0,0.0,14.5,464.0
LBR-800380,WH-SHJ-01,2025-11-01,Evening,3,3,24.0,0.0,14.5,348.0
LBR-800381,WH-SHJ-01,2025-11-01,Night,3,3,24.0,0.0,14.5,348.0
LBR-800382,WH-DWC-01,2025-11-01,Morning,7,7,56.0,1.5,14.5,844.62
LBR-800383,WH-DWC-01,2025-11-01,Evening,7,7,56.0,0.0,14.5,812.0
LBR-800384,WH-DWC-01,2025-11-01,Night,7,6,48.0,0.0,14.5,696.0
LBR-800385,WH-DXB-01,2025-11-02,Morning,18,17,136.0,0.0,14.5,1972.0
LBR-800386,WH-DXB-01,2025-11-02,Evening,18,17,136.0,0.0,14.5,1972.0
LBR-800387,WH-DXB-01,2025-11-02,Night,18,17,136.0,0.0,14.5,1972.0
LBR-800388,WH-AUH-01,2025-11-02,Morning,8,7,56.0,0.0,14.5,812.0
LBR-800389,WH-AUH-01,2025-11-02,Evening,8,8,64.0,2.0,14.5,971.5
LBR-800390,WH-AUH-01,2025-11-02,Night,8,8,64.0,1.5,14.5,960.62
LBR-800391,WH-SHJ-01,2025-11-02,Morning,6,5,40.0,0.0,14.5,580.0
LBR-800392,WH-SHJ-01,2025-11-02,Evening,6,7,56.0,1.5,14.5,844.62
LBR-800393,WH-SHJ-01,2025-11-02,Night,6,6,48.0,1.5,14.5,728.62
LBR-800394,WH-DWC-01,2025-11-02,Morning,12,11,88.0,0.0,14.5,1276.0
LBR-800395,WH-DWC-01,2025-11-02,Evening,12,13,104.0,0.0,14.5,1508.0
LBR-800396,WH-DWC-01,2025-11-02,Night,12,13,104.0,0.0,14.5,1508.0
LBR-800397,WH-DXB-01,2025-11-03,Morning,18,18,144.0,0.0,14.5,2088.0
LBR-800398,WH-DXB-01,2025-11-03,Evening,18,18,144.0,2.0,14.5,2131.5
LBR-800399,WH-DXB-01,2025-11-03,Night,18,18,144.0,0.0,14.5,2088.0
LBR-800400,WH-AUH-01,2025-11-03,Morning,8,8,64.0,2.0,14.5,971.5
LBR-800401,WH-AUH-01,2025-11-03,Evening,8,8,64.0,1.5,14.5,960.62
LBR-800402,WH-AUH-01,2025-11-03,Night,8,7,56.0,1.5,14.5,844.62
LBR-800403,WH-SHJ-01,2025-11-03,Morning,6,6,48.0,0.0,14.5,696.0
LBR-800404,WH-SHJ-01,2025-11-03,Evening,6,5,40.0,2.0,14.5,623.5
LBR-800405,WH-SHJ-01,2025-11-03,Night,6,6,48.0,1.5,14.5,728.62
LBR-800406,WH-DWC-01,2025-11-03,Morning,12,12,96.0,0.0,14.5,1392.0
LBR-800407,WH-DWC-01,2025-11-03,Evening,12,12,96.0,0.0,14.5,1392.0
LBR-800408,WH-DWC-01,2025-11-03,Night,12,13,104.0,0.0,14.5,1508.0
LBR-800409,WH-DXB-01,2025-11-04,Morning,18,18,144.0,0.0,14.5,2088.0
LBR-800410,WH-DXB-01,2025-11-04,Evening,18,19,152.0,2.0,14.5,2247.5
LBR-800411,WH-DXB-01,2025-11-04,Night,18,18,144.0,1.5,14.5,2120.62
LBR-800412,WH-AUH-01,2025-11-04,Morning,8,8,64.0,1.5,14.5,960.62
LBR-800413,WH-AUH-01,2025-11-04,Evening,8,8,64.0,1.5,14.5,960.62
LBR-800414,WH-AUH-01,2025-11-04,Night,8,7,56.0,1.5,14.5,844.62
LBR-800415,WH-SHJ-01,2025-11-04,Morning,6,6,48.0,2.0,14.5,739.5
LBR-800416,WH-SHJ-01,2025-11-04,Evening,6,5,40.0,0.0,14.5,580.0
LBR-800417,WH-SHJ-01,2025-11-04,Night,6,6,48.0,0.0,14.5,696.0
LBR-800418,WH-DWC-01,2025-11-04,Morning,12,13,104.0,1.5,14.5,1540.62
LBR-800419,WH-DWC-01,2025-11-04,Evening,12,12,96.0,0.0,14.5,1392.0
LBR-800420,WH-DWC-01,2025-11-04,Night,12,12,96.0,1.5,14.5,1424.62
LBR-800421,WH-DXB-01,2025-11-05,Morning,18,18,144.0,0.0,14.5,2088.0
LBR-800422,WH-DXB-01,2025-11-05,Evening,18,18,144.0,1.5,14.5,2120.62
LBR-800423,WH-DXB-01,2025-11-05,Night,18,19,152.0,0.0,14.5,2204.0
LBR-800424,WH-AUH-01,2025-11-05,Morning,8,9,72.0,2.0,14.5,1087.5
LBR-800425,WH-AUH-01,2025-11-05,Evening,8,8,64.0,2.0,14.5,971.5
LBR-800426,WH-AUH-01,2025-11-05,Night,8,7,56.0,1.5,14.5,844.62
LBR-800427,WH-SHJ-01,2025-11-05,Morning,6,7,56.0,1.5,14.5,844.62
LBR-800428,WH-SHJ-01,2025-11-05,Evening,6,6,48.0,2.0,14.5,739.5
LBR-800429,WH-SHJ-01,2025-11-05,Night,6,7,56.0,0.0,14.5,812.0
LBR-800430,WH-DWC-01,2025-11-05,Morning,12,11,88.0,2.0,14.5,1319.5
LBR-800431,WH-DWC-01,2025-11-05,Evening,12,12,96.0,1.5,14.5,1424.62
LBR-800432,WH-DWC-01,2025-11-05,Night,12,13,104.0,2.0,14.5,1551.5
LBR-800433,WH-DXB-01,2025-11-06,Morning,18,19,152.0,0.0,14.5,2204.0
LBR-800434,WH-DXB-01,2025-11-06,Evening,18,18,144.0,1.5,14.5,2120.62
LBR-800435,WH-DXB-01,2025-11-06,Night,18,18,144.0,0.0,14.5,2088.0
LBR-800436,WH-AUH-01,2025-11-06,Morning,8,9,72.0,2.0,14.5,1087.5
LBR-800437,WH-AUH-01,2025-11-06,Evening,8,8,64.0,0.0,14.5,928.0
LBR-800438,WH-AUH-01,2025-11-06,Night,8,8,64.0,2.0,14.5,971.5
LBR-800439,WH-SHJ-01,2025-11-06,Morning,6,5,40.0,0.0,14.5,580.0
LBR-800440,WH-SHJ-01,2025-11-06,Evening,6,6,48.0,0.0,14.5,696.0
LBR-800441,WH-SHJ-01,2025-11-06,Night,6,6,48.0,0.0,14.5,696.0
LBR-800442,WH-DWC-01,2025-11-06,Morning,12,13,104.0,0.0,14.5,1508.0
LBR-800443,WH-DWC-01,2025-11-06,Evening,12,12,96.0,0.0,14.5,1392.0
LBR-800444,WH-DWC-01,2025-11-06,Night,12,12,96.0,2.0,14.5,1435.5
LBR-800445,WH-DXB-01,2025-11-07,Morning,10,9,72.0,0.0,14.5,1044.0
LBR-800446,WH-DXB-01,2025-11-07,Evening,10,11,88.0,1.5,14.5,1308.62
LBR-800447,WH-DXB-01,2025-11-07,Night,10,10,80.0,0.0,14.5,1160.0
LBR-800448,WH-AUH-01,2025-11-07,Morning,4,4,32.0,0.0,14.5,464.0
LBR-800449,WH-AUH-01,2025-11-07,Evening,4,4,32.0,2.0,14.5,507.5
LBR-800450,WH-AUH-01,2025-11-07,Night,4,4,32.0,0.0,14.5,464.0
LBR-800451,WH-SHJ-01,2025-11-07,Morning,3,3,24.0,0.0,14.5,348.0
LBR-800452,WH-SHJ-01,2025-11-07,Evening,3,4,32.0,0.0,14.5,464.0
LBR-800453,WH-SHJ-01,2025-11-07,Night,3,4,32.0,0.0,14.5,464.0
LBR-800454,WH-DWC-01,2025-11-07,Morning,7,7,56.0,0.0,14.5,812.0
LBR-800455,WH-DWC-01,2025-11-07,Evening,7,8,64.0,1.5,14.5,960.62
LBR-800456,WH-DWC-01,2025-11-07,Night,7,8,64.0,0.0,14.5,928.0
LBR-800457,WH-DXB-01,2025-11-08,Morning,10,11,88.0,0.0,14.5,1276.0
LBR-800458,WH-DXB-01,2025-11-08,Evening,10,10,80.0,0.0,14.5,1160.0
LBR-800459,WH-DXB-01,2025-11-08,Night,10,11,88.0,0.0,14.5,1276.0
LBR-800460,WH-AUH-01,2025-11-08,Morning,4,3,24.0,0.0,14.5,348.0
LBR-800461,WH-AUH-01,2025-11-08,Evening,4,4,32.0,1.5,14.5,496.62
LBR-800462,WH-AUH-01,2025-11-08,Night,4,3,24.0,1.5,14.5,380.62
LBR-800463,WH-SHJ-01,2025-11-08,Morning,3,3,24.0,1.5,14.5,380.62
LBR-800464,WH-SHJ-01,2025-11-08,Evening,3,4,32.0,0.0,14.5,464.0
LBR-800465,WH-SHJ-01,2025-11-08,Night,3,3,24.0,2.0,14.5,391.5
LBR-800466,WH-DWC-01,2025-11-08,Morning,7,8,64.0,2.0,14.5,971.5
LBR-800467,WH-DWC-01,2025-11-08,Evening,7,8,64.0,2.0,14.5,971.5
LBR-800468,WH-DWC-01,2025-11-08,Night,7,8,64.0,1.5,14.5,960.62
LBR-800469,WH-DXB-01,2025-11-09,Morning,18,18,144.0,1.5,14.5,2120.62
LBR-800470,WH-DXB-01,2025-11-09,Evening,18,17,136.0,0.0,14.5,1972.0
LBR-800471,WH-DXB-01,2025-11-09,Night,18,19,152.0,0.0,14.5,2204.0
LBR-800472,WH-AUH-01,2025-11-09,Morning,8,9,72.0,1.5,14.5,1076.62
LBR-800473,WH-AUH-01,2025-11-09,Evening,8,8,64.0,2.0,14.5,971.5
LBR-800474,WH-AUH-01,2025-11-09,Night,8,7,56.0,0.0,14.5,812.0
LBR-800475,WH-SHJ-01,2025-11-09,Morning,6,7,56.0,1.5,14.5,844.62
LBR-800476,WH-SHJ-01,2025-11-09,Evening,6,6,48.0,1.5,14.5,728.62
LBR-800477,WH-SHJ-01,2025-11-09,Night,6,7,56.0,2.0,14.5,855.5
LBR-800478,WH-DWC-01,2025-11-09,Morning,12,13,104.0,0.0,14.5,1508.0
LBR-800479,WH-DWC-01,2025-11-09,Evening,12,12,96.0,2.0,14.5,1435.5
LBR-800480,WH-DWC-01,2025-11-09,Night,12,12,96.0,2.0,14.5,1435.5
LBR-800481,WH-DXB-01,2025-11-10,Morning,18,17,136.0,0.0,14.5,1972.0
LBR-800482,WH-DXB-01,2025-11-10,Evening,18,18,144.0,0.0,14.5,2088.0
LBR-800483,WH-DXB-01,2025-11-10,Night,18,18,144.0,0.0,14.5,2088.0
LBR-800484,WH-AUH-01,2025-11-10,Morning,8,8,64.0,0.0,14.5,928.0
LBR-800485,WH-AUH-01,2025-11-10,Evening,8,7,56.0,0.0,14.5,812.0
LBR-800486,WH-AUH-01,2025-11-10,Night,8,9,72.0,1.5,14.5,1076.62
LBR-800487,WH-SHJ-01,2025-11-10,Morning,6,5,40.0,0.0,14.5,580.0
LBR-800488,WH-SHJ-01,2025-11-10,Evening,6,6,48.0,2.0,14.5,739.5
LBR-800489,WH-SHJ-01,2025-11-10,Night,6,6,48.0,1.5,14.5,728.62
LBR-800490,WH-DWC-01,2025-11-10,Morning,12,12,96.0,0.0,14.5,1392.0
LBR-800491,WH-DWC-01,2025-11-10,Evening,12,13,104.0,0.0,14.5,1508.0
LBR-800492,WH-DWC-01,2025-11-10,Night,12,12,96.0,2.0,14.5,1435.5
LBR-800493,WH-DXB-01,2025-11-11,Morning,18,18,144.0,0.0,14.5,2088.0
LBR-800494,WH-DXB-01,2025-11-11,Evening,18,19,152.0,1.5,14.5,2236.62
LBR-800495,WH-DXB-01,2025-11-11,Night,18,18,144.0,2.0,14.5,2131.5
LBR-800496,WH-AUH-01,2025-11-11,Morning,8,9,72.0,0.0,14.5,1044.0
LBR-800497,WH-AUH-01,2025-11-11,Evening,8,8,64.0,1.5,14.5,960.62
LBR-800498,WH-AUH-01,2025-11-11,Night,8,8,64.0,0.0,14.5,928.0
LBR-800499,WH-SHJ-01,2025-11-11,Morning,6,5,40.0,2.0,14.5,623.5
LBR-800500,WH-SHJ-01,2025-11-11,Evening,6,5,40.0,0.0,14.5,580.0
LBR-800501,WH-SHJ-01,2025-11-11,Night,6,6,48.0,0.0,14.5,696.0
LBR-800502,WH-DWC-01,2025-11-11,Morning,12,13,104.0,2.0,14.5,1551.5
LBR-800503,WH-DWC-01,2025-11-11,Evening,12,11,88.0,1.5,14.5,1308.62
LBR-800504,WH-DWC-01,2025-11-11,Night,12,11,88.0,0.0,14.5,1276.0
LBR-800505,WH-DXB-01,2025-11-12,Morning,18,18,144.0,0.0,14.5,2088.0
LBR-800506,WH-DXB-01,2025-11-12,Evening,18,18,144.0,1.5,14.5,2120.62
LBR-800507,WH-DXB-01,2025-11-12,Night,18,17,136.0,1.5,14.5,2004.62
LBR-800508,WH-AUH-01,2025-11-12,Morning,8,8,64.0,0.0,14.5,928.0
LBR-800509,WH-AUH-01,2025-11-12,Evening,8,9,72.0,2.0,14.5,1087.5
LBR-800510,WH-AUH-01,2025-11-12,Night,8,8,64.0,1.5,14.5,960.62
LBR-800511,WH-SHJ-01,2025-11-12,Morning,6,5,40.0,0.0,14.5,580.0
LBR-800512,WH-SHJ-01,2025-11-12,Evening,6,6,48.0,2.0,14.5,739.5
LBR-800513,WH-SHJ-01,2025-11-12,Night,6,6,48.0,0.0,14.5,696.0
LBR-800514,WH-DWC-01,2025-11-12,Morning,12,12,96.0,2.0,14.5,1435.5
LBR-800515,WH-DWC-01,2025-11-12,Evening,12,12,96.0,0.0,14.5,1392.0
LBR-800516,WH-DWC-01,2025-11-12,Night,12,11,88.0,1.5,14.5,1308.62
LBR-800517,WH-DXB-01,2025-11-13,Morning,18,18,144.0,0.0,14.5,2088.0
LBR-800518,WH-DXB-01,2025-11-13,Evening,18,19,152.0,0.0,14.5,2204.0
LBR-800519,WH-DXB-01,2025-11-13,Night,18,18,144.0,2.0,14.5,2131.5
LBR-800520,WH-AUH-01,2025-11-13,Morning,8,8,64.0,0.0,14.5,928.0
LBR-800521,WH-AUH-01,2025-11-13,Evening,8,9,72.0,1.5,14.5,1076.62
LBR-800522,WH-AUH-01,2025-11-13,Night,8,8,64.0,2.0,14.5,971.5
LBR-800523,WH-SHJ-01,2025-11-13,Morning,6,7,56.0,2.0,14.5,855.5
LBR-800524,WH-SHJ-01,2025-11-13,Evening,6,7,56.0,0.0,14.5,812.0
LBR-800525,WH-SHJ-01,2025-11-13,Night,6,6,48.0,0.0,14.5,696.0
LBR-800526,WH-DWC-01,2025-11-13,Morning,12,12,96.0,0.0,14.5,1392.0
LBR-800527,WH-DWC-01,2025-11-13,Evening,12,12,96.0,0.0,14.5,1392.0
LBR-800528,WH-DWC-01,2025-11-13,Night,12,11,88.0,0.0,14.5,1276.0
LBR-800529,WH-DXB-01,2025-11-14,Morning,10,11,88.0,0.0,14.5,1276.0
LBR-800530,WH-DXB-01,2025-11-14,Evening,10,9,72.0,1.5,14.5,1076.62
LBR-800531,WH-DXB-01,2025-11-14,Night,10,10,80.0,0.0,14.5,1160.0
LBR-800532,WH-AUH-01,2025-11-14,Morning,4,5,40.0,2.0,14.5,623.5
LBR-800533,WH-AUH-01,2025-11-14,Evening,4,3,24.0,0.0,14.5,348.0
LBR-800534,WH-AUH-01,2025-11-14,Night,4,4,32.0,0.0,14.5,464.0
LBR-800535,WH-SHJ-01,2025-11-14,Morning,3,4,32.0,0.0,14.5,464.0
LBR-800536,WH-SHJ-01,2025-11-14,Evening,3,2,16.0,2.0,14.5,275.5
LBR-800537,WH-SHJ-01,2025-11-14,Night,3,3,24.0,0.0,14.5,348.0
LBR-800538,WH-DWC-01,2025-11-14,Morning,7,6,48.0,2.0,14.5,739.5
LBR-800539,WH-DWC-01,2025-11-14,Evening,7,7,56.0,1.5,14.5,844.62
LBR-800540,WH-DWC-01,2025-11-14,Night,7,7,56.0,2.0,14.5,855.5
LBR-800541,WH-DXB-01,2025-11-15,Morning,10,9,72.0,2.0,14.5,1087.5
LBR-800542,WH-DXB-01,2025-11-15,Evening,10,9,72.0,0.0,14.5,1044.0
LBR-800543,WH-DXB-01,2025-11-15,Night,10,9,72.0,0.0,14.5,1044.0
LBR-800544,WH-AUH-01,2025-11-15,Morning,4,4,32.0,0.0,14.5,464.0
LBR-800545,WH-AUH-01,2025-11-15,Evening,4,4,32.0,2.0,14.5,507.5
LBR-800546,WH-AUH-01,2025-11-15,Night,4,5,40.0,0.0,14.5,580.0
LBR-800547,WH-SHJ-01,2025-11-15,Morning,3,4,32.0,1.5,14.5,496.62
LBR-800548,WH-SHJ-01,2025-11-15,Evening,3,3,24.0,0.0,14.5,348.0
LBR-800549,WH-SHJ-01,2025-11-15,Night,3,3,24.0,2.0,14.5,391.5
LBR-800550,WH-DWC-01,2025-11-15,Morning,7,6,48.0,0.0,14.5,696.0
LBR-800551,WH-DWC-01,2025-11-15,Evening,7,8,64.0,0.0,14.5,928.0
LBR-800552,WH-DWC-01,2025-11-15,Night,7,8,64.0,2.0,14.5,971.5
LBR-800553,WH-DXB-01,2025-11-16,Morning,18,18,144.0,2.0,14.5,2131.5
LBR-800554,WH-DXB-01,2025-11-16,Evening,18,17,136.0,1.5,14.5,2004.62
LBR-800555,WH-DXB-01,2025-11-16,Night,18,18,144.0,1.5,14.5,2120.62
LBR-800556,WH-AUH-01,2025-11-16,Morning,8,8,64.0,2.0,14.5,971.5
LBR-800557,WH-AUH-01,2025-11-16,Evening,8,8,64.0,2.0,14.5,971.5
LBR-800558,WH-AUH-01,2025-11-16,Night,8,8,64.0,1.5,14.5,960.62
LBR-800559,WH-SHJ-01,2025-11-16,Morning,6,6,48.0,1.5,14.5,728.62
LBR-800560,WH-SHJ-01,2025-11-16,Evening,6,6,48.0,0.0,14.5,696.0
LBR-800561,WH-SHJ-01,2025-11-16,Night,6,6,48.0,0.0,14.5,696.0
LBR-800562,WH-DWC-01,2025-11-16,Morning,12,12,96.0,1.5,14.5,1424.62
LBR-800563,WH-DWC-01,2025-11-16,Evening,12,12,96.0,1.5,14.5,1424.62
LBR-800564,WH-DWC-01,2025-11-16,Night,12,12,96.0,0.0,14.5,1392.0
LBR-800565,WH-DXB-01,2025-11-17,Morning,18,18,144.0,2.0,14.5,2131.5
LBR-800566,WH-DXB-01,2025-11-17,Evening,18,18,144.0,0.0,14.5,2088.0
LBR-800567,WH-DXB-01,2025-11-17,Night,18,18,144.0,2.0,14.5,2131.5
LBR-800568,WH-AUH-01,2025-11-17,Morning,8,9,72.0,1.5,14.5,1076.62
LBR-800569,WH-AUH-01,2025-11-17,Evening,8,7,56.0,0.0,14.5,812.0
LBR-800570,WH-AUH-01,2025-11-17,Night,8,8,64.0,0.0,14.5,928.0
LBR-800571,WH-SHJ-01,2025-11-17,Morning,6,6,48.0,0.0,14.5,696.0
LBR-800572,WH-SHJ-01,2025-11-17,Evening,6,5,40.0,0.0,14.5,580.0
LBR-800573,WH-SHJ-01,2025-11-17,Night,6,5,40.0,0.0,14.5,580.0
LBR-800574,WH-DWC-01,2025-11-17,Morning,12,13,104.0,0.0,14.5,1508.0
LBR-800575,WH-DWC-01,2025-11-17,Evening,12,12,96.0,0.0,14.5,1392.0
LBR-800576,WH-DWC-01,2025-11-17,Night,12,12,96.0,2.0,14.5,1435.5
LBR-800577,WH-DXB-01,2025-11-18,Morning,18,17,136.0,0.0,14.5,1972.0
LBR-800578,WH-DXB-01,2025-11-18,Evening,18,18,144.0,0.0,14.5,2088.0
LBR-800579,WH-DXB-01,2025-11-18,Night,18,18,144.0,0.0,14.5,2088.0
LBR-800580,WH-AUH-01,2025-11-18,Morning,8,9,72.0,0.0,14.5,1044.0
LBR-800581,WH-AUH-01,2025-11-18,Evening,8,9,72.0,2.0,14.5,1087.5
LBR-800582,WH-AUH-01,2025-11-18,Night,8,7,56.0,2.0,14.5,855.5
LBR-800583,WH-SHJ-01,2025-11-18,Morning,6,5,40.0,0.0,14.5,580.0
LBR-800584,WH-SHJ-01,2025-11-18,Evening,6,5,40.0,2.0,14.5,623.5
LBR-800585,WH-SHJ-01,2025-11-18,Night,6,7,56.0,0.0,14.5,812.0
LBR-800586,WH-DWC-01,2025-11-18,Morning,12,12,96.0,0.0,14.5,1392.0
LBR-800587,WH-DWC-01,2025-11-18,Evening,12,13,104.0,1.5,14.5,1540.62
LBR-800588,WH-DWC-01,2025-11-18,Night,12,12,96.0,1.5,14.5,1424.62
LBR-800589,WH-DXB-01,2025-11-19,Morning,18,18,144.0,0.0,14.5,2088.0
LBR-800590,WH-DXB-01,2025-11-19,Evening,18,18,144.0,1.5,14.5,2120.62
LBR-800591,WH-DXB-01,2025-11-19,Night,18,18,144.0,2.0,14.5,2131.5
LBR-800592,WH-AUH-01,2025-11-19,Morning,8,9,72.0,0.0,14.5,1044.0
LBR-800593,WH-AUH-01,2025-11-19,Evening,8,8,64.0,2.0,14.5,971.5
LBR-800594,WH-AUH-01,2025-11-19,Night,8,7,56.0,0.0,14.5,812.0
LBR-800595,WH-SHJ-01,2025-11-19,Morning,6,5,40.0,2.0,14.5,623.5
LBR-800596,WH-SHJ-01,2025-11-19,Evening,6,6,48.0,2.0,14.5,739.5
LBR-800597,WH-SHJ-01,2025-11-19,Night,6,7,56.0,0.0,14.5,812.0
LBR-800598,WH-DWC-01,2025-11-19,Morning,12,12,96.0,1.5,14.5,1424.62
LBR-800599,WH-DWC-01,2025-11-19,Evening,12,12,96.0,0.0,14.5,1392.0
LBR-800600,WH-DWC-01,2025-11-19,Night,12,13,104.0,0.0,14.5,1508.0
LBR-800601,WH-DXB-01,2025-11-20,Morning,27,27,216.0,106.39282715922536,14.5,5446.04
LBR-800602,WH-DXB-01,2025-11-20,Evening,27,28,224.0,86.84447760990487,14.5,5136.87
LBR-800603,WH-DXB-01,2025-11-20,Night,27,27,216.0,103.0343686819317,14.5,5373.0
LBR-800604,WH-AUH-01,2025-11-20,Morning,12,13,104.0,47.582149599868075,14.5,2542.91
LBR-800605,WH-AUH-01,2025-11-20,Evening,12,12,96.0,42.047836936763204,14.5,2306.54
LBR-800606,WH-AUH-01,2025-11-20,Night,12,12,96.0,47.058184406788975,14.5,2415.52
LBR-800607,WH-SHJ-01,2025-11-20,Morning,9,9,72.0,27.215730840795157,14.5,1635.94
LBR-800608,WH-SHJ-01,2025-11-20,Evening,9,9,72.0,35.72667087679059,14.5,1821.06
LBR-800609,WH-SHJ-01,2025-11-20,Night,9,10,80.0,39.126598628280064,14.5,2011.0
LBR-800610,WH-DWC-01,2025-11-20,Morning,18,19,152.0,71.85189606154981,14.5,3766.78
LBR-800611,WH-DWC-01,2025-11-20,Evening,18,19,152.0,71.70934803431021,14.5,3763.68
LBR-800612,WH-DWC-01,2025-11-20,Night,18,19,152.0,68.69544721687072,14.5,3698.13
LBR-800613,WH-DXB-01,2025-11-21,Morning,15,15,120.0,40.93799809149813,14.5,2630.4
LBR-800614,WH-DXB-01,2025-11-21,Evening,15,14,112.0,50.182734567483564,14.5,2715.47
LBR-800615,WH-DXB-01,2025-11-21,Night,15,14,112.0,48.193382555330125,14.5,2672.21
LBR-800616,WH-AUH-01,2025-11-21,Morning,6,7,56.0,20.820130278200473,14.5,1264.84
LBR-800617,WH-AUH-01,2025-11-21,Evening,6,6,48.0,16.10643204309987,14.5,1046.31
LBR-800618,WH-AUH-01,2025-11-21,Night,6,5,40.0,15.22744046915345,14.5,911.2
LBR-800619,WH-SHJ-01,2025-11-21,Morning,4,4,32.0,13.149310079231318,14.5,750.0
LBR-800620,WH-SHJ-01,2025-11-21,Evening,4,5,40.0,15.364837327862578,14.5,914.19
LBR-800621,WH-SHJ-01,2025-11-21,Night,4,4,32.0,12.862709711422195,14.5,743.76
LBR-800622,WH-DWC-01,2025-11-21,Morning,10,10,80.0,27.310958461314208,14.5,1754.01
LBR-800623,WH-DWC-01,2025-11-21,Evening,10,9,72.0,34.437065860343,14.5,1793.01
LBR-800624,WH-DWC-01,2025-11-21,Night,10,11,88.0,34.58284849219502,14.5,2028.18
LBR-800625,WH-DXB-01,2025-11-22,Morning,15,16,128.0,56.245199722091,14.5,3079.33
LBR-800626,WH-DXB-01,2025-11-22,Evening,15,16,128.0,48.72586711335126,14.5,2915.79
LBR-800627,WH-DXB-01,2025-11-22,Night,15,15,120.0,45.693345566502316,14.5,2733.83
LBR-800628,WH-AUH-01,2025-11-22,Morning,6,6,48.0,19.12843847346359,14.5,1112.04
LBR-800629,WH-AUH-01,2025-11-22,Evening,6,7,56.0,21.820675847322274,14.5,1286.6
LBR-800630,WH-AUH-01,2025-11-22,Night,6,6,48.0,18.266620885211957,14.5,1093.3
LBR-800631,WH-SHJ-01,2025-11-22,Morning,4,3,24.0,8.019680067519719,14.5,522.43
LBR-800632,WH-SHJ-01,2025-11-22,Evening,4,4,32.0,15.458787357524072,14.5,800.23
LBR-800633,WH-SHJ-01,2025-11-22,Night,4,4,32.0,10.443890915281738,14.5,691.15
LBR-800634,WH-DWC-01,2025-11-22,Morning,10,9,72.0,27.129075748589464,14.5,1634.06
LBR-800635,WH-DWC-01,2025-11-22,Evening,10,10,80.0,38.419124858953445,14.5,1995.62
LBR-800636,WH-DWC-01,2025-11-22,Night,10,11,88.0,35.23306291490866,14.5,2042.32
LBR-800637,WH-DXB-01,2025-11-23,Morning,27,27,216.0,67.95273384631375,14.5,4609.97
LBR-800638,WH-DXB-01,2025-11-23,Evening,27,28,224.0,81.70542625222295,14.5,5025.09
LBR-800639,WH-DXB-01,2025-11-23,Night,27,27,216.0,107.3443432996578,14.5,5466.74
LBR-800640,WH-AUH-01,2025-11-23,Morning,12,13,104.0,39.30301961002908,14.5,2362.84
LBR-800641,WH-AUH-01,2025-11-23,Evening,12,12,96.0,32.1299940707127,14.5,2090.83
LBR-800642,WH-AUH-01,2025-11-23,Night,12,12,96.0,34.136736527922686,14.5,2134.47
LBR-800643,WH-SHJ-01,2025-11-23,Morning,9,10,80.0,35.34332889599601,14.5,1928.72
LBR-800644,WH-SHJ-01,2025-11-23,Evening,9,8,64.0,20.49643041683585,14.5,1373.8
LBR-800645,WH-SHJ-01,2025-11-23,Night,9,10,80.0,33.4419244703313,14.5,1887.36
LBR-800646,WH-DWC-01,2025-11-23,Morning,18,18,144.0,52.214412256025405,14.5,3223.66
LBR-800647,WH-DWC-01,2025-11-23,Evening,18,18,144.0,62.41733526819521,14.5,3445.58
LBR-800648,WH-DWC-01,2025-11-23,Night,18,18,144.0,65.45238253304606,14.5,3511.59
LBR-800649,WH-DXB-01,2025-11-24,Morning,27,27,216.0,85.26304323721402,14.5,4986.47
LBR-800650,WH-DXB-01,2025-11-24,Evening,27,27,216.0,79.44025565696474,14.5,4859.83
LBR-800651,WH-DXB-01,2025-11-24,Night,27,28,224.0,103.79980308605424,14.5,5505.65
LBR-800652,WH-AUH-01,2025-11-24,Morning,12,12,96.0,41.270729722836855,14.5,2289.64
LBR-800653,WH-AUH-01,2025-11-24,Evening,12,12,96.0,45.38792211184614,14.5,2379.19
LBR-800654,WH-AUH-01,2025-11-24,Night,12,12,96.0,33.40061614345622,14.5,2118.46
LBR-800655,WH-SHJ-01,2025-11-24,Morning,9,9,72.0,28.339653658296015,14.5,1660.39
LBR-800656,WH-SHJ-01,2025-11-24,Evening,9,9,72.0,32.276260507889525,14.5,1746.01
LBR-800657,WH-SHJ-01,2025-11-24,Night,9,9,72.0,33.492641687571336,14.5,1772.46
LBR-800658,WH-DWC-01,2025-11-24,Morning,18,19,152.0,49.2322620654935,14.5,3274.8
LBR-800659,WH-DWC-01,2025-11-24,Evening,18,18,144.0,51.727449945724985,14.5,3213.07
LBR-800660,WH-DWC-01,2025-11-24,Night,18,17,136.0,52.028329835950174,14.5,3103.62
LBR-800661,WH-DXB-01,2025-11-25,Morning,27,28,224.0,95.770336201756,14.5,5331.0
LBR-800662,WH-DXB-01,2025-11-25,Evening,27,26,208.0,101.96378539382106,14.5,5233.71
LBR-800663,WH-DXB-01,2025-11-25,Night,27,28,224.0,84.2804314829739,14.5,5081.1
LBR-800664,WH-AUH-01,2025-11-25,Morning,12,13,104.0,45.53547581890783,14.5,2498.4
LBR-800665,WH-AUH-01,2025-11-25,Evening,12,11,88.0,30.898316055872936,14.5,1948.04
LBR-800666,WH-AUH-01,2025-11-25,Night,12,12,96.0,33.22079229342059,14.5,2114.55
LBR-800667,WH-SHJ-01,2025-11-25,Morning,9,10,80.0,32.47944414312411,14.5,1866.43
LBR-800668,WH-SHJ-01,2025-11-25,Evening,9,9,72.0,26.538720922915545,14.5,1621.22
LBR-800669,WH-SHJ-01,2025-11-25,Night,9,10,80.0,26.164738220308763,14.5,1729.08
LBR-800670,WH-DWC-01,2025-11-25,Morning,18,19,152.0,55.524894077640866,14.5,3411.67
LBR-800671,WH-DWC-01,2025-11-25,Evening,18,19,152.0,66.05124474175767,14.5,3640.61
LBR-800672,WH-DWC-01,2025-11-25,Night,18,18,144.0,48.52659673217929,14.5,3143.45
LBR-800673,WH-DXB-01,2025-11-26,Morning,27,28,224.0,100.02358248311359,14.5,5423.51
LBR-800674,WH-DXB-01,2025-11-26,Evening,27,28,224.0,74.26956483043482,14.5,4863.36
LBR-800675,WH-DXB-01,2025-11-26,Night,27,28,224.0,85.14358996245895,14.5,5099.87
LBR-800676,WH-AUH-01,2025-11-26,Morning,12,12,96.0,37.25423609251005,14.5,2202.28
LBR-800677,WH-AUH-01,2025-11-26,Evening,12,11,88.0,33.629489736530275,14.5,2007.44
LBR-800678,WH-AUH-01,2025-11-26,Night,12,12,96.0,30.815263075374702,14.5,2062.23
LBR-800679,WH-SHJ-01,2025-11-26,Morning,9,9,72.0,23.02896829296306,14.5,1544.88
LBR-800680,WH-SHJ-01,2025-11-26,Evening,9,8,64.0,30.966143762021574,14.5,1601.51
LBR-800681,WH-SHJ-01,2025-11-26,Night,9,10,80.0,31.847292845179776,14.5,1852.68
LBR-800682,WH-DWC-01,2025-11-26,Morning,18,19,152.0,59.09910605008879,14.5,3489.41
LBR-800683,WH-DWC-01,2025-11-26,Evening,18,18,144.0,68.9504771873551,14.5,3587.67
LBR-800684,WH-DWC-01,2025-11-26,Night,18,18,144.0,63.23279116344222,14.5,3463.31
LBR-800685,WH-DXB-01,2025-11-27,Morning,27,27,216.0,99.9040034015059,14.5,5304.91
LBR-800686,WH-DXB-01,2025-11-27,Evening,27,27,216.0,76.74112104921984,14.5,4801.12
LBR-800687,WH-DXB-01,2025-11-27,Night,27,27,216.0,91.07930065258253,14.5,5112.97
LBR-800688,WH-AUH-01,2025-11-27,Morning,12,11,88.0,42.38563613632852,14.5,2197.89
LBR-800689,WH-AUH-01,2025-11-27,Evening,12,11,88.0,36.93533893661217,14.5,2079.34
LBR-800690,WH-AUH-01,2025-11-27,Night,12,12,96.0,46.332140220600465,14.5,2399.72
LBR-800691,WH-SHJ-01,2025-11-27,Morning,9,10,80.0,31.80867696045648,14.5,1851.84
LBR-800692,WH-SHJ-01,2025-11-27,Evening,9,10,80.0,36.842273579147374,14.5,1961.32
LBR-800693,WH-SHJ-01,2025-11-27,Night,9,10,80.0,34.181291380517365,14.5,1903.44
LBR-800694,WH-DWC-01,2025-11-27,Morning,18,18,144.0,59.13832381761286,14.5,3374.26
LBR-800695,WH-DWC-01,2025-11-27,Evening,18,18,144.0,67.24837892833027,14.5,3550.65
LBR-800696,WH-DWC-01,2025-11-27,Night,18,19,152.0,57.10782479789059,14.5,3446.1
LBR-800697,WH-DXB-01,2025-11-28,Morning,15,15,120.0,49.23131102477954,14.5,2810.78
LBR-800698,WH-DXB-01,2025-11-28,Evening,15,15,120.0,41.312461139137305,14.5,2638.55
LBR-800699,WH-DXB-01,2025-11-28,Night,15,14,112.0,53.48836923321053,14.5,2787.37
LBR-800700,WH-AUH-01,2025-11-28,Morning,6,6,48.0,23.71858931848573,14.5,1211.88
LBR-800701,WH-AUH-01,2025-11-28,Evening,6,5,40.0,17.305971213258392,14.5,956.4
LBR-800702,WH-AUH-01,2025-11-28,Night,6,7,56.0,17.627139635395988,14.5,1195.39
LBR-800703,WH-SHJ-01,2025-11-28,Morning,4,3,24.0,10.898642600074531,14.5,585.05
LBR-800704,WH-SHJ-01,2025-11-28,Evening,4,4,32.0,15.051155901306164,14.5,791.36
LBR-800705,WH-SHJ-01,2025-11-28,Night,4,5,40.0,13.633366970017542,14.5,876.53
LBR-800706,WH-DWC-01,2025-11-28,Morning,10,10,80.0,35.54340417683559,14.5,1933.07
LBR-800707,WH-DWC-01,2025-11-28,Evening,10,10,80.0,39.46528692664554,14.5,2018.37
LBR-800708,WH-DWC-01,2025-11-28,Night,10,11,88.0,37.310882797910175,14.5,2087.51
LBR-800709,WH-DXB-01,2025-11-29,Morning,15,16,128.0,41.25525380561374,14.5,2753.3
LBR-800710,WH-DXB-01,2025-11-29,Evening,15,15,120.0,53.42254679307147,14.5,2901.94
LBR-800711,WH-DXB-01,2025-11-29,Night,15,15,120.0,44.04418408147548,14.5,2697.96
LBR-800712,WH-AUH-01,2025-11-29,Morning,6,6,48.0,22.957061722862065,14.5,1195.32
LBR-800713,WH-AUH-01,2025-11-29,Evening,6,6,48.0,16.45083140931523,14.5,1053.81
LBR-800714,WH-AUH-01,2025-11-29,Night,6,7,56.0,21.080755917080204,14.5,1270.51
LBR-800715,WH-SHJ-01,2025-11-29,Morning,4,3,24.0,9.069604036694628,14.5,545.26
LBR-800716,WH-SHJ-01,2025-11-29,Evening,4,3,24.0,7.8991112693308185,14.5,519.81
LBR-800717,WH-SHJ-01,2025-11-29,Night,4,4,32.0,10.118642027124357,14.5,684.08
LBR-800718,WH-DWC-01,2025-11-29,Morning,10,10,80.0,39.76426783628391,14.5,2024.87
LBR-800719,WH-DWC-01,2025-11-29,Evening,10,9,72.0,24.12569053173125,14.5,1568.73
LBR-800720,WH-DWC-01,2025-11-29,Night,10,10,80.0,29.555564133165074,14.5,1802.83
LBR-800721,WH-DXB-01,2025-11-30,Morning,27,27,216.0,77.8147249889734,14.5,4824.47
LBR-800722,WH-DXB-01,2025-11-30,Evening,27,27,216.0,88.20451942000162,14.5,5050.45
LBR-800723,WH-DXB-01,2025-11-30,Night,27,27,216.0,74.0783957021681,14.5,4743.21
LBR-800724,WH-AUH-01,2025-11-30,Morning,12,11,88.0,42.551896276018134,14.5,2201.5
LBR-800725,WH-AUH-01,2025-11-30,Evening,12,12,96.0,39.53280827271102,14.5,2251.84
LBR-800726,WH-AUH-01,2025-11-30,Night,12,13,104.0,34.29665446408493,14.5,2253.95
LBR-800727,WH-SHJ-01,2025-11-30,Morning,9,9,72.0,29.629316729035228,14.5,1688.44
LBR-800728,WH-SHJ-01,2025-11-30,Evening,9,10,80.0,31.268288293318456,14.5,1840.09
LBR-800729,WH-SHJ-01,2025-11-30,Night,9,8,64.0,26.083975082314986,14.5,1495.33
LBR-800730,WH-DWC-01,2025-11-30,Morning,18,18,144.0,48.32687939791117,14.5,3139.11
LBR-800731,WH-DWC-01,2025-11-30,Evening,18,18,144.0,54.435413154498185,14.5,3271.97
LBR-800732,WH-DWC-01,2025-11-30,Night,18,19,152.0,69.90105369679148,14.5,3724.35
LBR-800733,WH-DXB-01,2025-12-01,Morning,18,19,152.0,0.0,14.5,2204.0
LBR-800734,WH-DXB-01,2025-12-01,Evening,18,18,144.0,0.0,14.5,2088.0
LBR-800735,WH-DXB-01,2025-12-01,Night,18,18,144.0,2.0,14.5,2131.5
LBR-800736,WH-AUH-01,2025-12-01,Morning,8,8,64.0,0.0,14.5,928.0
LBR-800737,WH-AUH-01,2025-12-01,Evening,8,8,64.0,1.5,14.5,960.62
LBR-800738,WH-AUH-01,2025-12-01,Night,8,8,64.0,0.0,14.5,928.0
LBR-800739,WH-SHJ-01,2025-12-01,Morning,6,5,40.0,0.0,14.5,580.0
LBR-800740,WH-SHJ-01,2025-12-01,Evening,6,6,48.0,0.0,14.5,696.0
LBR-800741,WH-SHJ-01,2025-12-01,Night,6,6,48.0,0.0,14.5,696.0
LBR-800742,WH-DWC-01,2025-12-01,Morning,12,13,104.0,0.0,14.5,1508.0
LBR-800743,WH-DWC-01,2025-12-01,Evening,12,12,96.0,0.0,14.5,1392.0
LBR-800744,WH-DWC-01,2025-12-01,Night,12,13,104.0,2.0,14.5,1551.5
LBR-800745,WH-DXB-01,2025-12-02,Morning,18,17,136.0,0.0,14.5,1972.0
LBR-800746,WH-DXB-01,2025-12-02,Evening,18,19,152.0,0.0,14.5,2204.0
LBR-800747,WH-DXB-01,2025-12-02,Night,18,18,144.0,0.0,14.5,2088.0
LBR-800748,WH-AUH-01,2025-12-02,Morning,8,9,72.0,1.5,14.5,1076.62
LBR-800749,WH-AUH-01,2025-12-02,Evening,8,8,64.0,0.0,14.5,928.0
LBR-800750,WH-AUH-01,2025-12-02,Night,8,9,72.0,0.0,14.5,1044.0
LBR-800751,WH-SHJ-01,2025-12-02,Morning,6,5,40.0,0.0,14.5,580.0
LBR-800752,WH-SHJ-01,2025-12-02,Evening,6,6,48.0,2.0,14.5,739.5
LBR-800753,WH-SHJ-01,2025-12-02,Night,6,6,48.0,2.0,14.5,739.5
LBR-800754,WH-DWC-01,2025-12-02,Morning,12,13,104.0,0.0,14.5,1508.0
LBR-800755,WH-DWC-01,2025-12-02,Evening,12,11,88.0,0.0,14.5,1276.0
LBR-800756,WH-DWC-01,2025-12-02,Night,12,11,88.0,1.5,14.5,1308.62
LBR-800757,WH-DXB-01,2025-12-03,Morning,18,18,144.0,2.0,14.5,2131.5
LBR-800758,WH-DXB-01,2025-12-03,Evening,18,18,144.0,0.0,14.5,2088.0
LBR-800759,WH-DXB-01,2025-12-03,Night,18,18,144.0,0.0,14.5,2088.0
LBR-800760,WH-AUH-01,2025-12-03,Morning,8,9,72.0,0.0,14.5,1044.0
LBR-800761,WH-AUH-01,2025-12-03,Evening,8,9,72.0,0.0,14.5,1044.0
LBR-800762,WH-AUH-01,2025-12-03,Night,8,7,56.0,0.0,14.5,812.0
LBR-800763,WH-SHJ-01,2025-12-03,Morning,6,5,40.0,1.5,14.5,612.62
LBR-800764,WH-SHJ-01,2025-12-03,Evening,6,6,48.0,0.0,14.5,696.0
LBR-800765,WH-SHJ-01,2025-12-03,Night,6,5,40.0,2.0,14.5,623.5
LBR-800766,WH-DWC-01,2025-12-03,Morning,12,12,96.0,0.0,14.5,1392.0
LBR-800767,WH-DWC-01,2025-12-03,Evening,12,13,104.0,1.5,14.5,1540.62
LBR-800768,WH-DWC-01,2025-12-03,Night,12,12,96.0,1.5,14.5,1424.62
LBR-800769,WH-DXB-01,2025-12-04,Morning,18,18,144.0,1.5,14.5,2120.62
LBR-800770,WH-DXB-01,2025-12-04,Evening,18,18,144.0,0.0,14.5,2088.0
LBR-800771,WH-DXB-01,2025-12-04,Night,18,18,144.0,0.0,14.5,2088.0
LBR-800772,WH-AUH-01,2025-12-04,Morning,8,8,64.0,1.5,14.5,960.62
LBR-800773,WH-AUH-01,2025-12-04,Evening,8,7,56.0,0.0,14.5,812.0
LBR-800774,WH-AUH-01,2025-12-04,Night,8,8,64.0,0.0,14.5,928.0
LBR-800775,WH-SHJ-01,2025-12-04,Morning,6,6,48.0,0.0,14.5,696.0
LBR-800776,WH-SHJ-01,2025-12-04,Evening,6,5,40.0,0.0,14.5,580.0
LBR-800777,WH-SHJ-01,2025-12-04,Night,6,5,40.0,1.5,14.5,612.62
LBR-800778,WH-DWC-01,2025-12-04,Morning,12,12,96.0,1.5,14.5,1424.62
LBR-800779,WH-DWC-01,2025-12-04,Evening,12,13,104.0,0.0,14.5,1508.0
LBR-800780,WH-DWC-01,2025-12-04,Night,12,12,96.0,1.5,14.5,1424.62
LBR-800781,WH-DXB-01,2025-12-05,Morning,10,10,80.0,0.0,14.5,1160.0
LBR-800782,WH-DXB-01,2025-12-05,Evening,10,9,72.0,0.0,14.5,1044.0
LBR-800783,WH-DXB-01,2025-12-05,Night,10,11,88.0,1.5,14.5,1308.62
LBR-800784,WH-AUH-01,2025-12-05,Morning,4,4,32.0,2.0,14.5,507.5
LBR-800785,WH-AUH-01,2025-12-05,Evening,4,4,32.0,1.5,14.5,496.62
LBR-800786,WH-AUH-01,2025-12-05,Night,4,3,24.0,0.0,14.5,348.0
LBR-800787,WH-SHJ-01,2025-12-05,Morning,3,2,16.0,0.0,14.5,232.0
LBR-800788,WH-SHJ-01,2025-12-05,Evening,3,3,24.0,0.0,14.5,348.0
LBR-800789,WH-SHJ-01,2025-12-05,Night,3,3,24.0,0.0,14.5,348.0
LBR-800790,WH-DWC-01,2025-12-05,Morning,7,7,56.0,1.5,14.5,844.62
LBR-800791,WH-DWC-01,2025-12-05,Evening,7,6,48.0,2.0,14.5,739.5
LBR-800792,WH-DWC-01,2025-12-05,Night,7,8,64.0,0.0,14.5,928.0
LBR-800793,WH-DXB-01,2025-12-06,Morning,10,11,88.0,0.0,14.5,1276.0
LBR-800794,WH-DXB-01,2025-12-06,Evening,10,9,72.0,1.5,14.5,1076.62
LBR-800795,WH-DXB-01,2025-12-06,Night,10,11,88.0,0.0,14.5,1276.0
LBR-800796,WH-AUH-01,2025-12-06,Morning,4,4,32.0,0.0,14.5,464.0
LBR-800797,WH-AUH-01,2025-12-06,Evening,4,5,40.0,1.5,14.5,612.62
LBR-800798,WH-AUH-01,2025-12-06,Night,4,3,24.0,1.5,14.5,380.62
LBR-800799,WH-SHJ-01,2025-12-06,Morning,3,4,32.0,0.0,14.5,464.0
LBR-800800,WH-SHJ-01,2025-12-06,Evening,3,4,32.0,0.0,14.5,464.0
LBR-800801,WH-SHJ-01,2025-12-06,Night,3,4,32.0,0.0,14.5,464.0
LBR-800802,WH-DWC-01,2025-12-06,Morning,7,8,64.0,0.0,14.5,928.0
LBR-800803,WH-DWC-01,2025-12-06,Evening,7,6,48.0,1.5,14.5,728.62
LBR-800804,WH-DWC-01,2025-12-06,Night,7,6,48.0,1.5,14.5,728.62
LBR-800805,WH-DXB-01,2025-12-07,Morning,18,18,144.0,2.0,14.5,2131.5
LBR-800806,WH-DXB-01,2025-12-07,Evening,18,18,144.0,0.0,14.5,2088.0
LBR-800807,WH-DXB-01,2025-12-07,Night,18,18,144.0,1.5,14.5,2120.62
LBR-800808,WH-AUH-01,2025-12-07,Morning,8,8,64.0,0.0,14.5,928.0
LBR-800809,WH-AUH-01,2025-12-07,Evening,8,7,56.0,0.0,14.5,812.0
LBR-800810,WH-AUH-01,2025-12-07,Night,8,8,64.0,2.0,14.5,971.5
LBR-800811,WH-SHJ-01,2025-12-07,Morning,6,7,56.0,0.0,14.5,812.0
LBR-800812,WH-SHJ-01,2025-12-07,Evening,6,7,56.0,2.0,14.5,855.5
LBR-800813,WH-SHJ-01,2025-12-07,Night,6,7,56.0,0.0,14.5,812.0
LBR-800814,WH-DWC-01,2025-12-07,Morning,12,12,96.0,2.0,14.5,1435.5
LBR-800815,WH-DWC-01,2025-12-07,Evening,12,13,104.0,1.5,14.5,1540.62
LBR-800816,WH-DWC-01,2025-12-07,Night,12,11,88.0,0.0,14.5,1276.0
LBR-800817,WH-DXB-01,2025-12-08,Morning,18,17,136.0,0.0,14.5,1972.0
LBR-800818,WH-DXB-01,2025-12-08,Evening,18,19,152.0,1.5,14.5,2236.62
LBR-800819,WH-DXB-01,2025-12-08,Night,18,18,144.0,0.0,14.5,2088.0
LBR-800820,WH-AUH-01,2025-12-08,Morning,8,8,64.0,1.5,14.5,960.62
LBR-800821,WH-AUH-01,2025-12-08,Evening,8,9,72.0,0.0,14.5,1044.0
LBR-800822,WH-AUH-01,2025-12-08,Night,8,8,64.0,2.0,14.5,971.5
LBR-800823,WH-SHJ-01,2025-12-08,Morning,6,5,40.0,0.0,14.5,580.0
LBR-800824,WH-SHJ-01,2025-12-08,Evening,6,6,48.0,0.0,14.5,696.0
LBR-800825,WH-SHJ-01,2025-12-08,Night,6,5,40.0,2.0,14.5,623.5
LBR-800826,WH-DWC-01,2025-12-08,Morning,12,13,104.0,1.5,14.5,1540.62
LBR-800827,WH-DWC-01,2025-12-08,Evening,12,12,96.0,1.5,14.5,1424.62
LBR-800828,WH-DWC-01,2025-12-08,Night,12,11,88.0,1.5,14.5,1308.62
LBR-800829,WH-DXB-01,2025-12-09,Morning,18,19,152.0,1.5,14.5,2236.62
LBR-800830,WH-DXB-01,2025-12-09,Evening,18,18,144.0,0.0,14.5,2088.0
LBR-800831,WH-DXB-01,2025-12-09,Night,18,17,136.0,1.5,14.5,2004.62
LBR-800832,WH-AUH-01,2025-12-09,Morning,8,7,56.0,0.0,14.5,812.0
LBR-800833,WH-AUH-01,2025-12-09,Evening,8,9,72.0,0.0,14.5,1044.0
LBR-800834,WH-AUH-01,2025-12-09,Night,8,9,72.0,2.0,14.5,1087.5
LBR-800835,WH-SHJ-01,2025-12-09,Morning,6,5,40.0,0.0,14.5,580.0
LBR-800836,WH-SHJ-01,2025-12-09,Evening,6,6,48.0,2.0,14.5,739.5
LBR-800837,WH-SHJ-01,2025-12-09,Night,6,7,56.0,0.0,14.5,812.0
LBR-800838,WH-DWC-01,2025-12-09,Morning,12,11,88.0,2.0,14.5,1319.5
LBR-800839,WH-DWC-01,2025-12-09,Evening,12,12,96.0,2.0,14.5,1435.5
LBR-800840,WH-DWC-01,2025-12-09,Night,12,13,104.0,0.0,14.5,1508.0
LBR-800841,WH-DXB-01,2025-12-10,Morning,18,18,144.0,2.0,14.5,2131.5
LBR-800842,WH-DXB-01,2025-12-10,Evening,18,19,152.0,1.5,14.5,2236.62
LBR-800843,WH-DXB-01,2025-12-10,Night,18,18,144.0,2.0,14.5,2131.5
LBR-800844,WH-AUH-01,2025-12-10,Morning,8,9,72.0,0.0,14.5,1044.0
LBR-800845,WH-AUH-01,2025-12-10,Evening,8,9,72.0,0.0,14.5,1044.0
LBR-800846,WH-AUH-01,2025-12-10,Night,8,8,64.0,1.5,14.5,960.62
LBR-800847,WH-SHJ-01,2025-12-10,Morning,6,6,48.0,0.0,14.5,696.0
LBR-800848,WH-SHJ-01,2025-12-10,Evening,6,7,56.0,0.0,14.5,812.0
LBR-800849,WH-SHJ-01,2025-12-10,Night,6,7,56.0,0.0,14.5,812.0
LBR-800850,WH-DWC-01,2025-12-10,Morning,12,12,96.0,0.0,14.5,1392.0
LBR-800851,WH-DWC-01,2025-12-10,Evening,12,12,96.0,0.0,14.5,1392.0
LBR-800852,WH-DWC-01,2025-12-10,Night,12,12,96.0,0.0,14.5,1392.0
LBR-800853,WH-DXB-01,2025-12-11,Morning,18,17,136.0,0.0,14.5,1972.0
LBR-800854,WH-DXB-01,2025-12-11,Evening,18,17,136.0,1.5,14.5,2004.62
LBR-800855,WH-DXB-01,2025-12-11,Night,18,18,144.0,2.0,14.5,2131.5
LBR-800856,WH-AUH-01,2025-12-11,Morning,8,8,64.0,0.0,14.5,928.0
LBR-800857,WH-AUH-01,2025-12-11,Evening,8,7,56.0,0.0,14.5,812.0
LBR-800858,WH-AUH-01,2025-12-11,Night,8,7,56.0,2.0,14.5,855.5
LBR-800859,WH-SHJ-01,2025-12-11,Morning,6,6,48.0,0.0,14.5,696.0
LBR-800860,WH-SHJ-01,2025-12-11,Evening,6,5,40.0,1.5,14.5,612.62
LBR-800861,WH-SHJ-01,2025-12-11,Night,6,7,56.0,1.5,14.5,844.62
LBR-800862,WH-DWC-01,2025-12-11,Morning,12,13,104.0,0.0,14.5,1508.0
LBR-800863,WH-DWC-01,2025-12-11,Evening,12,11,88.0,1.5,14.5,1308.62
LBR-800864,WH-DWC-01,2025-12-11,Night,12,12,96.0,1.5,14.5,1424.62
LBR-800865,WH-DXB-01,2025-12-12,Morning,10,10,80.0,0.0,14.5,1160.0
LBR-800866,WH-DXB-01,2025-12-12,Evening,10,9,72.0,0.0,14.5,1044.0
LBR-800867,WH-DXB-01,2025-12-12,Night,10,10,80.0,2.0,14.5,1203.5
LBR-800868,WH-AUH-01,2025-12-12,Morning,4,3,24.0,0.0,14.5,348.0
LBR-800869,WH-AUH-01,2025-12-12,Evening,4,4,32.0,1.5,14.5,496.62
LBR-800870,WH-AUH-01,2025-12-12,Night,4,4,32.0,1.5,14.5,496.62
LBR-800871,WH-SHJ-01,2025-12-12,Morning,3,2,16.0,2.0,14.5,275.5
LBR-800872,WH-SHJ-01,2025-12-12,Evening,3,3,24.0,1.5,14.5,380.62
LBR-800873,WH-SHJ-01,2025-12-12,Night,3,4,32.0,2.0,14.5,507.5
LBR-800874,WH-DWC-01,2025-12-12,Morning,7,8,64.0,0.0,14.5,928.0
LBR-800875,WH-DWC-01,2025-12-12,Evening,7,8,64.0,0.0,14.5,928.0
LBR-800876,WH-DWC-01,2025-12-12,Night,7,7,56.0,1.5,14.5,844.62
LBR-800877,WH-DXB-01,2025-12-13,Morning,10,11,88.0,2.0,14.5,1319.5
LBR-800878,WH-DXB-01,2025-12-13,Evening,10,10,80.0,2.0,14.5,1203.5
LBR-800879,WH-DXB-01,2025-12-13,Night,10,10,80.0,1.5,14.5,1192.62
LBR-800880,WH-AUH-01,2025-12-13,Morning,4,4,32.0,0.0,14.5,464.0
LBR-800881,WH-AUH-01,2025-12-13,Evening,4,4,32.0,2.0,14.5,507.5
LBR-800882,WH-AUH-01,2025-12-13,Night,4,5,40.0,1.5,14.5,612.62
LBR-800883,WH-SHJ-01,2025-12-13,Morning,3,2,16.0,0.0,14.5,232.0
LBR-800884,WH-SHJ-01,2025-12-13,Evening,3,3,24.0,0.0,14.5,348.0
LBR-800885,WH-SHJ-01,2025-12-13,Night,3,3,24.0,2.0,14.5,391.5
LBR-800886,WH-DWC-01,2025-12-13,Morning,7,8,64.0,0.0,14.5,928.0
LBR-800887,WH-DWC-01,2025-12-13,Evening,7,6,48.0,1.5,14.5,728.62
LBR-800888,WH-DWC-01,2025-12-13,Night,7,7,56.0,2.0,14.5,855.5
LBR-800889,WH-DXB-01,2025-12-14,Morning,18,17,136.0,0.0,14.5,1972.0
LBR-800890,WH-DXB-01,2025-12-14,Evening,18,18,144.0,2.0,14.5,2131.5
LBR-800891,WH-DXB-01,2025-12-14,Night,18,18,144.0,0.0,14.5,2088.0
LBR-800892,WH-AUH-01,2025-12-14,Morning,8,9,72.0,1.5,14.5,1076.62
LBR-800893,WH-AUH-01,2025-12-14,Evening,8,7,56.0,0.0,14.5,812.0
LBR-800894,WH-AUH-01,2025-12-14,Night,8,9,72.0,2.0,14.5,1087.5
LBR-800895,WH-SHJ-01,2025-12-14,Morning,6,5,40.0,1.5,14.5,612.62
LBR-800896,WH-SHJ-01,2025-12-14,Evening,6,5,40.0,2.0,14.5,623.5
LBR-800897,WH-SHJ-01,2025-12-14,Night,6,6,48.0,2.0,14.5,739.5
LBR-800898,WH-DWC-01,2025-12-14,Morning,12,11,88.0,0.0,14.5,1276.0
LBR-800899,WH-DWC-01,2025-12-14,Evening,12,11,88.0,1.5,14.5,1308.62
LBR-800900,WH-DWC-01,2025-12-14,Night,12,12,96.0,0.0,14.5,1392.0
LBR-800901,WH-DXB-01,2025-12-15,Morning,18,17,136.0,0.0,14.5,1972.0
LBR-800902,WH-DXB-01,2025-12-15,Evening,18,18,144.0,2.0,14.5,2131.5
LBR-800903,WH-DXB-01,2025-12-15,Night,18,19,152.0,0.0,14.5,2204.0
LBR-800904,WH-AUH-01,2025-12-15,Morning,8,7,56.0,0.0,14.5,812.0
LBR-800905,WH-AUH-01,2025-12-15,Evening,8,7,56.0,2.0,14.5,855.5
LBR-800906,WH-AUH-01,2025-12-15,Night,8,9,72.0,0.0,14.5,1044.0
LBR-800907,WH-SHJ-01,2025-12-15,Morning,6,6,48.0,0.0,14.5,696.0
LBR-800908,WH-SHJ-01,2025-12-15,Evening,6,6,48.0,1.5,14.5,728.62
LBR-800909,WH-SHJ-01,2025-12-15,Night,6,7,56.0,0.0,14.5,812.0
LBR-800910,WH-DWC-01,2025-12-15,Morning,12,12,96.0,1.5,14.5,1424.62
LBR-800911,WH-DWC-01,2025-12-15,Evening,12,11,88.0,1.5,14.5,1308.62
LBR-800912,WH-DWC-01,2025-12-15,Night,12,11,88.0,0.0,14.5,1276.0
LBR-800913,WH-DXB-01,2025-12-16,Morning,18,17,136.0,2.0,14.5,2015.5
LBR-800914,WH-DXB-01,2025-12-16,Evening,18,18,144.0,2.0,14.5,2131.5
LBR-800915,WH-DXB-01,2025-12-16,Night,18,17,136.0,0.0,14.5,1972.0
LBR-800916,WH-AUH-01,2025-12-16,Morning,8,9,72.0,0.0,14.5,1044.0
LBR-800917,WH-AUH-01,2025-12-16,Evening,8,9,72.0,1.5,14.5,1076.62
LBR-800918,WH-AUH-01,2025-12-16,Night,8,9,72.0,0.0,14.5,1044.0
LBR-800919,WH-SHJ-01,2025-12-16,Morning,6,5,40.0,1.5,14.5,612.62
LBR-800920,WH-SHJ-01,2025-12-16,Evening,6,5,40.0,0.0,14.5,580.0
LBR-800921,WH-SHJ-01,2025-12-16,Night,6,7,56.0,0.0,14.5,812.0
LBR-800922,WH-DWC-01,2025-12-16,Morning,12,12,96.0,2.0,14.5,1435.5
LBR-800923,WH-DWC-01,2025-12-16,Evening,12,12,96.0,0.0,14.5,1392.0
LBR-800924,WH-DWC-01,2025-12-16,Night,12,11,88.0,1.5,14.5,1308.62
LBR-800925,WH-DXB-01,2025-12-17,Morning,18,18,144.0,1.5,14.5,2120.62
LBR-800926,WH-DXB-01,2025-12-17,Evening,18,18,144.0,0.0,14.5,2088.0
LBR-800927,WH-DXB-01,2025-12-17,Night,18,18,144.0,1.5,14.5,2120.62
LBR-800928,WH-AUH-01,2025-12-17,Morning,8,9,72.0,0.0,14.5,1044.0
LBR-800929,WH-AUH-01,2025-12-17,Evening,8,8,64.0,2.0,14.5,971.5
LBR-800930,WH-AUH-01,2025-12-17,Night,8,9,72.0,0.0,14.5,1044.0
LBR-800931,WH-SHJ-01,2025-12-17,Morning,6,6,48.0,0.0,14.5,696.0
LBR-800932,WH-SHJ-01,2025-12-17,Evening,6,7,56.0,1.5,14.5,844.62
LBR-800933,WH-SHJ-01,2025-12-17,Night,6,6,48.0,2.0,14.5,739.5
LBR-800934,WH-DWC-01,2025-12-17,Morning,12,12,96.0,2.0,14.5,1435.5
LBR-800935,WH-DWC-01,2025-12-17,Evening,12,13,104.0,0.0,14.5,1508.0
LBR-800936,WH-DWC-01,2025-12-17,Night,12,12,96.0,0.0,14.5,1392.0
LBR-800937,WH-DXB-01,2025-12-18,Morning,18,18,144.0,1.5,14.5,2120.62
LBR-800938,WH-DXB-01,2025-12-18,Evening,18,19,152.0,2.0,14.5,2247.5
LBR-800939,WH-DXB-01,2025-12-18,Night,18,18,144.0,2.0,14.5,2131.5
LBR-800940,WH-AUH-01,2025-12-18,Morning,8,7,56.0,0.0,14.5,812.0
LBR-800941,WH-AUH-01,2025-12-18,Evening,8,7,56.0,0.0,14.5,812.0
LBR-800942,WH-AUH-01,2025-12-18,Night,8,8,64.0,0.0,14.5,928.0
LBR-800943,WH-SHJ-01,2025-12-18,Morning,6,5,40.0,1.5,14.5,612.62
LBR-800944,WH-SHJ-01,2025-12-18,Evening,6,7,56.0,1.5,14.5,844.62
LBR-800945,WH-SHJ-01,2025-12-18,Night,6,5,40.0,0.0,14.5,580.0
LBR-800946,WH-DWC-01,2025-12-18,Morning,12,12,96.0,1.5,14.5,1424.62
LBR-800947,WH-DWC-01,2025-12-18,Evening,12,11,88.0,2.0,14.5,1319.5
LBR-800948,WH-DWC-01,2025-12-18,Night,12,12,96.0,2.0,14.5,1435.5
LBR-800949,WH-DXB-01,2025-12-19,Morning,10,9,72.0,2.0,14.5,1087.5
LBR-800950,WH-DXB-01,2025-12-19,Evening,10,11,88.0,1.5,14.5,1308.62
LBR-800951,WH-DXB-01,2025-12-19,Night,10,11,88.0,0.0,14.5,1276.0
LBR-800952,WH-AUH-01,2025-12-19,Morning,4,3,24.0,0.0,14.5,348.0
LBR-800953,WH-AUH-01,2025-12-19,Evening,4,4,32.0,1.5,14.5,496.62
LBR-800954,WH-AUH-01,2025-12-19,Night,4,4,32.0,1.5,14.5,496.62
LBR-800955,WH-SHJ-01,2025-12-19,Morning,3,2,16.0,0.0,14.5,232.0
LBR-800956,WH-SHJ-01,2025-12-19,Evening,3,2,16.0,2.0,14.5,275.5
LBR-800957,WH-SHJ-01,2025-12-19,Night,3,3,24.0,0.0,14.5,348.0
LBR-800958,WH-DWC-01,2025-12-19,Morning,7,7,56.0,0.0,14.5,812.0
LBR-800959,WH-DWC-01,2025-12-19,Evening,7,7,56.0,1.5,14.5,844.62
LBR-800960,WH-DWC-01,2025-12-19,Night,7,6,48.0,0.0,14.5,696.0
LBR-800961,WH-DXB-01,2025-12-20,Morning,10,11,88.0,0.0,14.5,1276.0
LBR-800962,WH-DXB-01,2025-12-20,Evening,10,10,80.0,2.0,14.5,1203.5
LBR-800963,WH-DXB-01,2025-12-20,Night,10,10,80.0,2.0,14.5,1203.5
LBR-800964,WH-AUH-01,2025-12-20,Morning,4,3,24.0,1.5,14.5,380.62
LBR-800965,WH-AUH-01,2025-12-20,Evening,4,5,40.0,2.0,14.5,623.5
LBR-800966,WH-AUH-01,2025-12-20,Night,4,4,32.0,0.0,14.5,464.0
LBR-800967,WH-SHJ-01,2025-12-20,Morning,3,2,16.0,2.0,14.5,275.5
LBR-800968,WH-SHJ-01,2025-12-20,Evening,3,4,32.0,1.5,14.5,496.62
LBR-800969,WH-SHJ-01,2025-12-20,Night,3,2,16.0,0.0,14.5,232.0
LBR-800970,WH-DWC-01,2025-12-20,Morning,7,7,56.0,2.0,14.5,855.5
LBR-800971,WH-DWC-01,2025-12-20,Evening,7,7,56.0,1.5,14.5,844.62
LBR-800972,WH-DWC-01,2025-12-20,Night,7,6,48.0,1.5,14.5,728.62
LBR-800973,WH-DXB-01,2025-12-21,Morning,18,18,144.0,2.0,14.5,2131.5
LBR-800974,WH-DXB-01,2025-12-21,Evening,18,18,144.0,1.5,14.5,2120.62
LBR-800975,WH-DXB-01,2025-12-21,Night,18,19,152.0,2.0,14.5,2247.5
LBR-800976,WH-AUH-01,2025-12-21,Morning,8,7,56.0,0.0,14.5,812.0
LBR-800977,WH-AUH-01,2025-12-21,Evening,8,8,64.0,2.0,14.5,971.5
LBR-800978,WH-AUH-01,2025-12-21,Night,8,8,64.0,1.5,14.5,960.62
LBR-800979,WH-SHJ-01,2025-12-21,Morning,6,7,56.0,1.5,14.5,844.62
LBR-800980,WH-SHJ-01,2025-12-21,Evening,6,7,56.0,1.5,14.5,844.62
LBR-800981,WH-SHJ-01,2025-12-21,Night,6,7,56.0,0.0,14.5,812.0
LBR-800982,WH-DWC-01,2025-12-21,Morning,12,13,104.0,0.0,14.5,1508.0
LBR-800983,WH-DWC-01,2025-12-21,Evening,12,11,88.0,1.5,14.5,1308.62
LBR-800984,WH-DWC-01,2025-12-21,Night,12,12,96.0,2.0,14.5,1435.5
LBR-800985,WH-DXB-01,2025-12-22,Morning,18,18,144.0,1.5,14.5,2120.62
LBR-800986,WH-DXB-01,2025-12-22,Evening,18,17,136.0,0.0,14.5,1972.0
LBR-800987,WH-DXB-01,2025-12-22,Night,18,18,144.0,1.5,14.5,2120.62
LBR-800988,WH-AUH-01,2025-12-22,Morning,8,8,64.0,2.0,14.5,971.5
LBR-800989,WH-AUH-01,2025-12-22,Evening,8,9,72.0,0.0,14.5,1044.0
LBR-800990,WH-AUH-01,2025-12-22,Night,8,8,64.0,0.0,14.5,928.0
LBR-800991,WH-SHJ-01,2025-12-22,Morning,6,5,40.0,2.0,14.5,623.5
LBR-800992,WH-SHJ-01,2025-12-22,Evening,6,7,56.0,0.0,14.5,812.0
LBR-800993,WH-SHJ-01,2025-12-22,Night,6,6,48.0,1.5,14.5,728.62
LBR-800994,WH-DWC-01,2025-12-22,Morning,12,12,96.0,0.0,14.5,1392.0
LBR-800995,WH-DWC-01,2025-12-22,Evening,12,13,104.0,0.0,14.5,1508.0
LBR-800996,WH-DWC-01,2025-12-22,Night,12,12,96.0,2.0,14.5,1435.5
LBR-800997,WH-DXB-01,2025-12-23,Morning,18,17,136.0,1.5,14.5,2004.62
LBR-800998,WH-DXB-01,2025-12-23,Evening,18,18,144.0,0.0,14.5,2088.0
LBR-800999,WH-DXB-01,2025-12-23,Night,18,18,144.0,1.5,14.5,2120.62
LBR-801000,WH-AUH-01,2025-12-23,Morning,8,8,64.0,0.0,14.5,928.0
LBR-801001,WH-AUH-01,2025-12-23,Evening,8,8,64.0,1.5,14.5,960.62
LBR-801002,WH-AUH-01,2025-12-23,Night,8,8,64.0,0.0,14.5,928.0
LBR-801003,WH-SHJ-01,2025-12-23,Morning,6,7,56.0,0.0,14.5,812.0
LBR-801004,WH-SHJ-01,2025-12-23,Evening,6,6,48.0,2.0,14.5,739.5
LBR-801005,WH-SHJ-01,2025-12-23,Night,6,6,48.0,1.5,14.5,728.62
LBR-801006,WH-DWC-01,2025-12-23,Morning,12,12,96.0,0.0,14.5,1392.0
LBR-801007,WH-DWC-01,2025-12-23,Evening,12,11,88.0,0.0,14.5,1276.0
LBR-801008,WH-DWC-01,2025-12-23,Night,12,11,88.0,2.0,14.5,1319.5
LBR-801009,WH-DXB-01,2025-12-24,Morning,18,18,144.0,2.0,14.5,2131.5
LBR-801010,WH-DXB-01,2025-12-24,Evening,18,17,136.0,2.0,14.5,2015.5
LBR-801011,WH-DXB-01,2025-12-24,Night,18,18,144.0,1.5,14.5,2120.62
LBR-801012,WH-AUH-01,2025-12-24,Morning,8,8,64.0,2.0,14.5,971.5
LBR-801013,WH-AUH-01,2025-12-24,Evening,8,8,64.0,2.0,14.5,971.5
LBR-801014,WH-AUH-01,2025-12-24,Night,8,8,64.0,1.5,14.5,960.62
LBR-801015,WH-SHJ-01,2025-12-24,Morning,6,7,56.0,0.0,14.5,812.0
LBR-801016,WH-SHJ-01,2025-12-24,Evening,6,6,48.0,0.0,14.5,696.0
LBR-801017,WH-SHJ-01,2025-12-24,Night,6,7,56.0,1.5,14.5,844.62
LBR-801018,WH-DWC-01,2025-12-24,Morning,12,11,88.0,0.0,14.5,1276.0
LBR-801019,WH-DWC-01,2025-12-24,Evening,12,12,96.0,1.5,14.5,1424.62
LBR-801020,WH-DWC-01,2025-12-24,Night,12,12,96.0,0.0,14.5,1392.0
LBR-801021,WH-DXB-01,2025-12-25,Morning,18,18,144.0,0.0,14.5,2088.0
LBR-801022,WH-DXB-01,2025-12-25,Evening,18,18,144.0,0.0,14.5,2088.0
LBR-801023,WH-DXB-01,2025-12-25,Night,18,19,152.0,2.0,14.5,2247.5
LBR-801024,WH-AUH-01,2025-12-25,Morning,8,8,64.0,0.0,14.5,928.0
LBR-801025,WH-AUH-01,2025-12-25,Evening,8,8,64.0,0.0,14.5,928.0
LBR-801026,WH-AUH-01,2025-12-25,Night,8,8,64.0,0.0,14.5,928.0
LBR-801027,WH-SHJ-01,2025-12-25,Morning,6,6,48.0,2.0,14.5,739.5
LBR-801028,WH-SHJ-01,2025-12-25,Evening,6,6,48.0,1.5,14.5,728.62
LBR-801029,WH-SHJ-01,2025-12-25,Night,6,7,56.0,0.0,14.5,812.0
LBR-801030,WH-DWC-01,2025-12-25,Morning,12,12,96.0,0.0,14.5,1392.0
LBR-801031,WH-DWC-01,2025-12-25,Evening,12,12,96.0,1.5,14.5,1424.62
LBR-801032,WH-DWC-01,2025-12-25,Night,12,13,104.0,0.0,14.5,1508.0
LBR-801033,WH-DXB-01,2025-12-26,Morning,10,9,72.0,0.0,14.5,1044.0
LBR-801034,WH-DXB-01,2025-12-26,Evening,10,9,72.0,0.0,14.5,1044.0
LBR-801035,WH-DXB-01,2025-12-26,Night,10,11,88.0,0.0,14.5,1276.0
LBR-801036,WH-AUH-01,2025-12-26,Morning,4,5,40.0,0.0,14.5,580.0
LBR-801037,WH-AUH-01,2025-12-26,Evening,4,4,32.0,1.5,14.5,496.62
LBR-801038,WH-AUH-01,2025-12-26,Night,4,4,32.0,2.0,14.5,507.5
LBR-801039,WH-SHJ-01,2025-12-26,Morning,3,2,16.0,1.5,14.5,264.62
LBR-801040,WH-SHJ-01,2025-12-26,Evening,3,3,24.0,0.0,14.5,348.0
LBR-801041,WH-SHJ-01,2025-12-26,Night,3,3,24.0,0.0,14.5,348.0
LBR-801042,WH-DWC-01,2025-12-26,Morning,7,8,64.0,2.0,14.5,971.5
LBR-801043,WH-DWC-01,2025-12-26,Evening,7,7,56.0,0.0,14.5,812.0
LBR-801044,WH-DWC-01,2025-12-26,Night,7,6,48.0,0.0,14.5,696.0
LBR-801045,WH-DXB-01,2025-12-27,Morning,10,10,80.0,1.5,14.5,1192.62
LBR-801046,WH-DXB-01,2025-12-27,Evening,10,10,80.0,0.0,14.5,1160.0
LBR-801047,WH-DXB-01,2025-12-27,Night,10,10,80.0,1.5,14.5,1192.62
LBR-801048,WH-AUH-01,2025-12-27,Morning,4,4,32.0,1.5,14.5,496.62
LBR-801049,WH-AUH-01,2025-12-27,Evening,4,3,24.0,0.0,14.5,348.0
LBR-801050,WH-AUH-01,2025-12-27,Night,4,5,40.0,2.0,14.5,623.5
LBR-801051,WH-SHJ-01,2025-12-27,Morning,3,4,32.0,2.0,14.5,507.5
LBR-801052,WH-SHJ-01,2025-12-27,Evening,3,3,24.0,0.0,14.5,348.0
LBR-801053,WH-SHJ-01,2025-12-27,Night,3,3,24.0,1.5,14.5,380.62
LBR-801054,WH-DWC-01,2025-12-27,Morning,7,7,56.0,0.0,14.5,812.0
LBR-801055,WH-DWC-01,2025-12-27,Evening,7,8,64.0,2.0,14.5,971.5
LBR-801056,WH-DWC-01,2025-12-27,Night,7,8,64.0,0.0,14.5,928.0
LBR-801057,WH-DXB-01,2025-12-28,Morning,18,18,144.0,1.5,14.5,2120.62
LBR-801058,WH-DXB-01,2025-12-28,Evening,18,18,144.0,0.0,14.5,2088.0
LBR-801059,WH-DXB-01,2025-12-28,Night,18,17,136.0,2.0,14.5,2015.5
LBR-801060,WH-AUH-01,2025-12-28,Morning,8,9,72.0,0.0,14.5,1044.0
LBR-801061,WH-AUH-01,2025-12-28,Evening,8,9,72.0,2.0,14.5,1087.5
LBR-801062,WH-AUH-01,2025-12-28,Night,8,8,64.0,0.0,14.5,928.0
LBR-801063,WH-SHJ-01,2025-12-28,Morning,6,5,40.0,0.0,14.5,580.0
LBR-801064,WH-SHJ-01,2025-12-28,Evening,6,6,48.0,0.0,14.5,696.0
LBR-801065,WH-SHJ-01,2025-12-28,Night,6,6,48.0,2.0,14.5,739.5
LBR-801066,WH-DWC-01,2025-12-28,Morning,12,12,96.0,1.5,14.5,1424.62
LBR-801067,WH-DWC-01,2025-12-28,Evening,12,11,88.0,0.0,14.5,1276.0
LBR-801068,WH-DWC-01,2025-12-28,Night,12,13,104.0,0.0,14.5,1508.0
LBR-801069,WH-DXB-01,2025-12-29,Morning,18,17,136.0,0.0,14.5,1972.0
LBR-801070,WH-DXB-01,2025-12-29,Evening,18,17,136.0,1.5,14.5,2004.62
LBR-801071,WH-DXB-01,2025-12-29,Night,18,18,144.0,0.0,14.5,2088.0
LBR-801072,WH-AUH-01,2025-12-29,Morning,8,7,56.0,2.0,14.5,855.5
LBR-801073,WH-AUH-01,2025-12-29,Evening,8,8,64.0,1.5,14.5,960.62
LBR-801074,WH-AUH-01,2025-12-29,Night,8,7,56.0,2.0,14.5,855.5
LBR-801075,WH-SHJ-01,2025-12-29,Morning,6,7,56.0,1.5,14.5,844.62
LBR-801076,WH-SHJ-01,2025-12-29,Evening,6,5,40.0,0.0,14.5,580.0
LBR-801077,WH-SHJ-01,2025-12-29,Night,6,6,48.0,1.5,14.5,728.62
LBR-801078,WH-DWC-01,2025-12-29,Morning,12,13,104.0,2.0,14.5,1551.5
LBR-801079,WH-DWC-01,2025-12-29,Evening,12,11,88.0,2.0,14.5,1319.5
LBR-801080,WH-DWC-01,2025-12-29,Night,12,12,96.0,1.5,14.5,1424.62
LBR-801081,WH-DXB-01,2025-12-30,Morning,18,19,152.0,1.5,14.5,2236.62
LBR-801082,WH-DXB-01,2025-12-30,Evening,18,18,144.0,1.5,14.5,2120.62
LBR-801083,WH-DXB-01,2025-12-30,Night,18,19,152.0,1.5,14.5,2236.62
LBR-801084,WH-AUH-01,2025-12-30,Morning,8,9,72.0,0.0,14.5,1044.0
LBR-801085,WH-AUH-01,2025-12-30,Evening,8,7,56.0,0.0,14.5,812.0
LBR-801086,WH-AUH-01,2025-12-30,Night,8,7,56.0,1.5,14.5,844.62
LBR-801087,WH-SHJ-01,2025-12-30,Morning,6,5,40.0,0.0,14.5,580.0
LBR-801088,WH-SHJ-01,2025-12-30,Evening,6,7,56.0,0.0,14.5,812.0
LBR-801089,WH-SHJ-01,2025-12-30,Night,6,7,56.0,1.5,14.5,844.62
LBR-801090,WH-DWC-01,2025-12-30,Morning,12,13,104.0,0.0,14.5,1508.0
LBR-801091,WH-DWC-01,2025-12-30,Evening,12,12,96.0,1.5,14.5,1424.62
LBR-801092,WH-DWC-01,2025-12-30,Night,12,11,88.0,1.5,14.5,1308.62
LBR-801093,WH-DXB-01,2025-12-31,Morning,18,18,144.0,0.0,14.5,2088.0
LBR-801094,WH-DXB-01,2025-12-31,Evening,18,18,144.0,2.0,14.5,2131.5
LBR-801095,WH-DXB-01,2025-12-31,Night,18,18,144.0,0.0,14.5,2088.0
LBR-801096,WH-AUH-01,2025-12-31,Morning,8,8,64.0,2.0,14.5,971.5
LBR-801097,WH-AUH-01,2025-12-31,Evening,8,7,56.0,1.5,14.5,844.62
LBR-801098,WH-AUH-01,2025-12-31,Night,8,9,72.0,0.0,14.5,1044.0
LBR-801099,WH-SHJ-01,2025-12-31,Morning,6,6,48.0,0.0,14.5,696.0
LBR-801100,WH-SHJ-01,2025-12-31,Evening,6,5,40.0,0.0,14.5,580.0
LBR-801101,WH-SHJ-01,2025-12-31,Night,6,7,56.0,0.0,14.5,812.0
LBR-801102,WH-DWC-01,2025-12-31,Morning,12,12,96.0,2.0,14.5,1435.5
LBR-801103,WH-DWC-01,2025-12-31,Evening,12,11,88.0,0.0,14.5,1276.0
LBR-801104,WH-DWC-01,2025-12-31,Night,12,12,96.0,2.0,14.5,1435.5
LBR-801105,WH-DXB-01,2026-01-01,Morning,18,18,144.0,1.5,14.5,2120.62
LBR-801106,WH-DXB-01,2026-01-01,Evening,18,19,152.0,1.5,14.5,2236.62
LBR-801107,WH-DXB-01,2026-01-01,Night,18,18,144.0,2.0,14.5,2131.5
LBR-801108,WH-AUH-01,2026-01-01,Morning,8,9,72.0,1.5,14.5,1076.62
LBR-801109,WH-AUH-01,2026-01-01,Evening,8,9,72.0,0.0,14.5,1044.0
LBR-801110,WH-AUH-01,2026-01-01,Night,8,8,64.0,1.5,14.5,960.62
LBR-801111,WH-SHJ-01,2026-01-01,Morning,6,6,48.0,2.0,14.5,739.5
LBR-801112,WH-SHJ-01,2026-01-01,Evening,6,7,56.0,1.5,14.5,844.62
LBR-801113,WH-SHJ-01,2026-01-01,Night,6,6,48.0,0.0,14.5,696.0
LBR-801114,WH-DWC-01,2026-01-01,Morning,12,12,96.0,0.0,14.5,1392.0
LBR-801115,WH-DWC-01,2026-01-01,Evening,12,13,104.0,1.5,14.5,1540.62
LBR-801116,WH-DWC-01,2026-01-01,Night,12,13,104.0,1.5,14.5,1540.62
LBR-801117,WH-DXB-01,2026-01-02,Morning,10,11,88.0,2.0,14.5,1319.5
LBR-801118,WH-DXB-01,2026-01-02,Evening,10,11,88.0,1.5,14.5,1308.62
LBR-801119,WH-DXB-01,2026-01-02,Night,10,9,72.0,2.0,14.5,1087.5
LBR-801120,WH-AUH-01,2026-01-02,Morning,4,4,32.0,1.5,14.5,496.62
LBR-801121,WH-AUH-01,2026-01-02,Evening,4,4,32.0,1.5,14.5,496.62
LBR-801122,WH-AUH-01,2026-01-02,Night,4,4,32.0,2.0,14.5,507.5
LBR-801123,WH-SHJ-01,2026-01-02,Morning,3,4,32.0,2.0,14.5,507.5
LBR-801124,WH-SHJ-01,2026-01-02,Evening,3,3,24.0,0.0,14.5,348.0
LBR-801125,WH-SHJ-01,2026-01-02,Night,3,3,24.0,1.5,14.5,380.62
LBR-801126,WH-DWC-01,2026-01-02,Morning,7,6,48.0,0.0,14.5,696.0
LBR-801127,WH-DWC-01,2026-01-02,Evening,7,7,56.0,1.5,14.5,844.62
LBR-801128,WH-DWC-01,2026-01-02,Night,7,6,48.0,2.0,14.5,739.5
LBR-801129,WH-DXB-01,2026-01-03,Morning,10,10,80.0,2.0,14.5,1203.5
LBR-801130,WH-DXB-01,2026-01-03,Evening,10,9,72.0,0.0,14.5,1044.0
LBR-801131,WH-DXB-01,2026-01-03,Night,10,11,88.0,0.0,14.5,1276.0
LBR-801132,WH-AUH-01,2026-01-03,Morning,4,3,24.0,0.0,14.5,348.0
LBR-801133,WH-AUH-01,2026-01-03,Evening,4,4,32.0,0.0,14.5,464.0
LBR-801134,WH-AUH-01,2026-01-03,Night,4,4,32.0,2.0,14.5,507.5
LBR-801135,WH-SHJ-01,2026-01-03,Morning,3,4,32.0,1.5,14.5,496.62
LBR-801136,WH-SHJ-01,2026-01-03,Evening,3,4,32.0,0.0,14.5,464.0
LBR-801137,WH-SHJ-01,2026-01-03,Night,3,3,24.0,0.0,14.5,348.0
LBR-801138,WH-DWC-01,2026-01-03,Morning,7,6,48.0,0.0,14.5,696.0
LBR-801139,WH-DWC-01,2026-01-03,Evening,7,6,48.0,1.5,14.5,728.62
LBR-801140,WH-DWC-01,2026-01-03,Night,7,6,48.0,1.5,14.5,728.62
LBR-801141,WH-DXB-01,2026-01-04,Morning,18,18,144.0,0.0,14.5,2088.0
LBR-801142,WH-DXB-01,2026-01-04,Evening,18,19,152.0,2.0,14.5,2247.5
LBR-801143,WH-DXB-01,2026-01-04,Night,18,18,144.0,1.5,14.5,2120.62
LBR-801144,WH-AUH-01,2026-01-04,Morning,8,7,56.0,2.0,14.5,855.5
LBR-801145,WH-AUH-01,2026-01-04,Evening,8,9,72.0,0.0,14.5,1044.0
LBR-801146,WH-AUH-01,2026-01-04,Night,8,9,72.0,2.0,14.5,1087.5
LBR-801147,WH-SHJ-01,2026-01-04,Morning,6,5,40.0,0.0,14.5,580.0
LBR-801148,WH-SHJ-01,2026-01-04,Evening,6,7,56.0,0.0,14.5,812.0
LBR-801149,WH-SHJ-01,2026-01-04,Night,6,6,48.0,1.5,14.5,728.62
LBR-801150,WH-DWC-01,2026-01-04,Morning,12,12,96.0,0.0,14.5,1392.0
LBR-801151,WH-DWC-01,2026-01-04,Evening,12,11,88.0,0.0,14.5,1276.0
LBR-801152,WH-DWC-01,2026-01-04,Night,12,12,96.0,0.0,14.5,1392.0
LBR-801153,WH-DXB-01,2026-01-05,Morning,18,17,136.0,2.0,14.5,2015.5
LBR-801154,WH-DXB-01,2026-01-05,Evening,18,18,144.0,0.0,14.5,2088.0
LBR-801155,WH-DXB-01,2026-01-05,Night,18,17,136.0,2.0,14.5,2015.5
LBR-801156,WH-AUH-01,2026-01-05,Morning,8,8,64.0,2.0,14.5,971.5
LBR-801157,WH-AUH-01,2026-01-05,Evening,8,9,72.0,0.0,14.5,1044.0
LBR-801158,WH-AUH-01,2026-01-05,Night,8,9,72.0,1.5,14.5,1076.62
LBR-801159,WH-SHJ-01,2026-01-05,Morning,6,5,40.0,0.0,14.5,580.0
LBR-801160,WH-SHJ-01,2026-01-05,Evening,6,7,56.0,0.0,14.5,812.0
LBR-801161,WH-SHJ-01,2026-01-05,Night,6,6,48.0,0.0,14.5,696.0
LBR-801162,WH-DWC-01,2026-01-05,Morning,12,12,96.0,2.0,14.5,1435.5
LBR-801163,WH-DWC-01,2026-01-05,Evening,12,12,96.0,2.0,14.5,1435.5
LBR-801164,WH-DWC-01,2026-01-05,Night,12,12,96.0,0.0,14.5,1392.0
LBR-801165,WH-DXB-01,2026-01-06,Morning,18,18,144.0,0.0,14.5,2088.0
LBR-801166,WH-DXB-01,2026-01-06,Evening,18,18,144.0,0.0,14.5,2088.0
LBR-801167,WH-DXB-01,2026-01-06,Night,18,18,144.0,1.5,14.5,2120.62
LBR-801168,WH-AUH-01,2026-01-06,Morning,8,9,72.0,0.0,14.5,1044.0
LBR-801169,WH-AUH-01,2026-01-06,Evening,8,8,64.0,2.0,14.5,971.5
LBR-801170,WH-AUH-01,2026-01-06,Night,8,8,64.0,2.0,14.5,971.5
LBR-801171,WH-SHJ-01,2026-01-06,Morning,6,6,48.0,1.5,14.5,728.62
LBR-801172,WH-SHJ-01,2026-01-06,Evening,6,6,48.0,0.0,14.5,696.0
LBR-801173,WH-SHJ-01,2026-01-06,Night,6,5,40.0,0.0,14.5,580.0
LBR-801174,WH-DWC-01,2026-01-06,Morning,12,13,104.0,0.0,14.5,1508.0
LBR-801175,WH-DWC-01,2026-01-06,Evening,12,12,96.0,2.0,14.5,1435.5
LBR-801176,WH-DWC-01,2026-01-06,Night,12,13,104.0,2.0,14.5,1551.5
LBR-801177,WH-DXB-01,2026-01-07,Morning,18,18,144.0,0.0,14.5,2088.0
LBR-801178,WH-DXB-01,2026-01-07,Evening,18,19,152.0,0.0,14.5,2204.0
LBR-801179,WH-DXB-01,2026-01-07,Night,18,18,144.0,2.0,14.5,2131.5
LBR-801180,WH-AUH-01,2026-01-07,Morning,8,7,56.0,0.0,14.5,812.0
LBR-801181,WH-AUH-01,2026-01-07,Evening,8,8,64.0,1.5,14.5,960.62
LBR-801182,WH-AUH-01,2026-01-07,Night,8,8,64.0,2.0,14.5,971.5
LBR-801183,WH-SHJ-01,2026-01-07,Morning,6,7,56.0,2.0,14.5,855.5
LBR-801184,WH-SHJ-01,2026-01-07,Evening,6,5,40.0,2.0,14.5,623.5
LBR-801185,WH-SHJ-01,2026-01-07,Night,6,6,48.0,0.0,14.5,696.0
LBR-801186,WH-DWC-01,2026-01-07,Morning,12,11,88.0,2.0,14.5,1319.5
LBR-801187,WH-DWC-01,2026-01-07,Evening,12,12,96.0,0.0,14.5,1392.0
LBR-801188,WH-DWC-01,2026-01-07,Night,12,12,96.0,0.0,14.5,1392.0
LBR-801189,WH-DXB-01,2026-01-08,Morning,18,18,144.0,0.0,14.5,2088.0
LBR-801190,WH-DXB-01,2026-01-08,Evening,18,18,144.0,2.0,14.5,2131.5
LBR-801191,WH-DXB-01,2026-01-08,Night,18,18,144.0,1.5,14.5,2120.62
LBR-801192,WH-AUH-01,2026-01-08,Morning,8,9,72.0,0.0,14.5,1044.0
LBR-801193,WH-AUH-01,2026-01-08,Evening,8,8,64.0,2.0,14.5,971.5
LBR-801194,WH-AUH-01,2026-01-08,Night,8,9,72.0,2.0,14.5,1087.5
LBR-801195,WH-SHJ-01,2026-01-08,Morning,6,5,40.0,0.0,14.5,580.0
LBR-801196,WH-SHJ-01,2026-01-08,Evening,6,6,48.0,0.0,14.5,696.0
LBR-801197,WH-SHJ-01,2026-01-08,Night,6,7,56.0,0.0,14.5,812.0
LBR-801198,WH-DWC-01,2026-01-08,Morning,12,12,96.0,0.0,14.5,1392.0
LBR-801199,WH-DWC-01,2026-01-08,Evening,12,11,88.0,2.0,14.5,1319.5
LBR-801200,WH-DWC-01,2026-01-08,Night,12,13,104.0,0.0,14.5,1508.0
LBR-801201,WH-DXB-01,2026-01-09,Morning,10,9,72.0,0.0,14.5,1044.0
LBR-801202,WH-DXB-01,2026-01-09,Evening,10,9,72.0,0.0,14.5,1044.0
LBR-801203,WH-DXB-01,2026-01-09,Night,10,11,88.0,2.0,14.5,1319.5
LBR-801204,WH-AUH-01,2026-01-09,Morning,4,3,24.0,2.0,14.5,391.5
LBR-801205,WH-AUH-01,2026-01-09,Evening,4,5,40.0,0.0,14.5,580.0
LBR-801206,WH-AUH-01,2026-01-09,Night,4,3,24.0,1.5,14.5,380.62
LBR-801207,WH-SHJ-01,2026-01-09,Morning,3,3,24.0,1.5,14.5,380.62
LBR-801208,WH-SHJ-01,2026-01-09,Evening,3,3,24.0,0.0,14.5,348.0
LBR-801209,WH-SHJ-01,2026-01-09,Night,3,2,16.0,1.5,14.5,264.62
LBR-801210,WH-DWC-01,2026-01-09,Morning,7,6,48.0,2.0,14.5,739.5
LBR-801211,WH-DWC-01,2026-01-09,Evening,7,6,48.0,0.0,14.5,696.0
LBR-801212,WH-DWC-01,2026-01-09,Night,7,7,56.0,0.0,14.5,812.0
LBR-801213,WH-DXB-01,2026-01-10,Morning,10,9,72.0,2.0,14.5,1087.5
LBR-801214,WH-DXB-01,2026-01-10,Evening,10,10,80.0,0.0,14.5,1160.0
LBR-801215,WH-DXB-01,2026-01-10,Night,10,10,80.0,1.5,14.5,1192.62
LBR-801216,WH-AUH-01,2026-01-10,Morning,4,4,32.0,0.0,14.5,464.0
LBR-801217,WH-AUH-01,2026-01-10,Evening,4,5,40.0,0.0,14.5,580.0
LBR-801218,WH-AUH-01,2026-01-10,Night,4,4,32.0,0.0,14.5,464.0
LBR-801219,WH-SHJ-01,2026-01-10,Morning,3,3,24.0,0.0,14.5,348.0
LBR-801220,WH-SHJ-01,2026-01-10,Evening,3,4,32.0,0.0,14.5,464.0
LBR-801221,WH-SHJ-01,2026-01-10,Night,3,2,16.0,0.0,14.5,232.0
LBR-801222,WH-DWC-01,2026-01-10,Morning,7,6,48.0,2.0,14.5,739.5
LBR-801223,WH-DWC-01,2026-01-10,Evening,7,6,48.0,2.0,14.5,739.5
LBR-801224,WH-DWC-01,2026-01-10,Night,7,6,48.0,1.5,14.5,728.62
LBR-801225,WH-DXB-01,2026-01-11,Morning,18,18,144.0,2.0,14.5,2131.5
LBR-801226,WH-DXB-01,2026-01-11,Evening,18,18,144.0,0.0,14.5,2088.0
LBR-801227,WH-DXB-01,2026-01-11,Night,18,19,152.0,0.0,14.5,2204.0
LBR-801228,WH-AUH-01,2026-01-11,Morning,8,9,72.0,2.0,14.5,1087.5
LBR-801229,WH-AUH-01,2026-01-11,Evening,8,8,64.0,2.0,14.5,971.5
LBR-801230,WH-AUH-01,2026-01-11,Night,8,9,72.0,1.5,14.5,1076.62
LBR-801231,WH-SHJ-01,2026-01-11,Morning,6,7,56.0,0.0,14.5,812.0
LBR-801232,WH-SHJ-01,2026-01-11,Evening,6,6,48.0,2.0,14.5,739.5
LBR-801233,WH-SHJ-01,2026-01-11,Night,6,6,48.0,1.5,14.5,728.62
LBR-801234,WH-DWC-01,2026-01-11,Morning,12,12,96.0,1.5,14.5,1424.62
LBR-801235,WH-DWC-01,2026-01-11,Evening,12,11,88.0,0.0,14.5,1276.0
LBR-801236,WH-DWC-01,2026-01-11,Night,12,12,96.0,0.0,14.5,1392.0
LBR-801237,WH-DXB-01,2026-01-12,Morning,18,18,144.0,0.0,14.5,2088.0
LBR-801238,WH-DXB-01,2026-01-12,Evening,18,17,136.0,0.0,14.5,1972.0
LBR-801239,WH-DXB-01,2026-01-12,Night,18,17,136.0,0.0,14.5,1972.0
LBR-801240,WH-AUH-01,2026-01-12,Morning,8,9,72.0,0.0,14.5,1044.0
LBR-801241,WH-AUH-01,2026-01-12,Evening,8,8,64.0,2.0,14.5,971.5
LBR-801242,WH-AUH-01,2026-01-12,Night,8,8,64.0,2.0,14.5,971.5
LBR-801243,WH-SHJ-01,2026-01-12,Morning,6,3,24.0,9.585968786851653,14.5,556.49
LBR-801244,WH-SHJ-01,2026-01-12,Evening,6,3,24.0,11.95131431756215,14.5,607.94
LBR-801245,WH-SHJ-01,2026-01-12,Night,6,3,24.0,10.825441119655686,14.5,583.45
LBR-801246,WH-DWC-01,2026-01-12,Morning,12,12,96.0,0.0,14.5,1392.0
LBR-801247,WH-DWC-01,2026-01-12,Evening,12,12,96.0,1.5,14.5,1424.62
LBR-801248,WH-DWC-01,2026-01-12,Night,12,12,96.0,1.5,14.5,1424.62
LBR-801249,WH-DXB-01,2026-01-13,Morning,18,18,144.0,2.0,14.5,2131.5
LBR-801250,WH-DXB-01,2026-01-13,Evening,18,18,144.0,1.5,14.5,2120.62
LBR-801251,WH-DXB-01,2026-01-13,Night,18,18,144.0,0.0,14.5,2088.0
LBR-801252,WH-AUH-01,2026-01-13,Morning,8,9,72.0,0.0,14.5,1044.0
LBR-801253,WH-AUH-01,2026-01-13,Evening,8,8,64.0,2.0,14.5,971.5
LBR-801254,WH-AUH-01,2026-01-13,Night,8,8,64.0,0.0,14.5,928.0
LBR-801255,WH-SHJ-01,2026-01-13,Morning,6,3,24.0,11.91188044001462,14.5,607.08
LBR-801256,WH-SHJ-01,2026-01-13,Evening,6,3,24.0,9.404861029915242,14.5,552.56
LBR-801257,WH-SHJ-01,2026-01-13,Night,6,3,24.0,9.100033610436778,14.5,545.93
LBR-801258,WH-DWC-01,2026-01-13,Morning,12,12,96.0,1.5,14.5,1424.62
LBR-801259,WH-DWC-01,2026-01-13,Evening,12,13,104.0,1.5,14.5,1540.62
LBR-801260,WH-DWC-01,2026-01-13,Night,12,13,104.0,0.0,14.5,1508.0
LBR-801261,WH-DXB-01,2026-01-14,Morning,18,17,136.0,1.5,14.5,2004.62
LBR-801262,WH-DXB-01,2026-01-14,Evening,18,18,144.0,0.0,14.5,2088.0
LBR-801263,WH-DXB-01,2026-01-14,Night,18,18,144.0,2.0,14.5,2131.5
LBR-801264,WH-AUH-01,2026-01-14,Morning,8,8,64.0,1.5,14.5,960.62
LBR-801265,WH-AUH-01,2026-01-14,Evening,8,8,64.0,2.0,14.5,971.5
LBR-801266,WH-AUH-01,2026-01-14,Night,8,9,72.0,0.0,14.5,1044.0
LBR-801267,WH-SHJ-01,2026-01-14,Morning,6,3,24.0,10.511156604344732,14.5,576.62
LBR-801268,WH-SHJ-01,2026-01-14,Evening,6,3,24.0,11.39545955627819,14.5,595.85
LBR-801269,WH-SHJ-01,2026-01-14,Night,6,3,24.0,8.676022446113354,14.5,536.7
LBR-801270,WH-DWC-01,2026-01-14,Morning,12,12,96.0,0.0,14.5,1392.0
LBR-801271,WH-DWC-01,2026-01-14,Evening,12,12,96.0,0.0,14.5,1392.0
LBR-801272,WH-DWC-01,2026-01-14,Night,12,11,88.0,0.0,14.5,1276.0
LBR-801273,WH-DXB-01,2026-01-15,Morning,18,18,144.0,2.0,14.5,2131.5
LBR-801274,WH-DXB-01,2026-01-15,Evening,18,19,152.0,0.0,14.5,2204.0
LBR-801275,WH-DXB-01,2026-01-15,Night,18,18,144.0,0.0,14.5,2088.0
LBR-801276,WH-AUH-01,2026-01-15,Morning,8,8,64.0,1.5,14.5,960.62
LBR-801277,WH-AUH-01,2026-01-15,Evening,8,9,72.0,1.5,14.5,1076.62
LBR-801278,WH-AUH-01,2026-01-15,Night,8,8,64.0,0.0,14.5,928.0
LBR-801279,WH-SHJ-01,2026-01-15,Morning,6,3,24.0,8.623846264200207,14.5,535.57
LBR-801280,WH-SHJ-01,2026-01-15,Evening,6,3,24.0,8.563545695646669,14.5,534.26
LBR-801281,WH-SHJ-01,2026-01-15,Night,6,3,24.0,11.0490183023193,14.5,588.32
LBR-801282,WH-DWC-01,2026-01-15,Morning,12,12,96.0,2.0,14.5,1435.5
LBR-801283,WH-DWC-01,2026-01-15,Evening,12,11,88.0,0.0,14.5,1276.0
LBR-801284,WH-DWC-01,2026-01-15,Night,12,12,96.0,0.0,14.5,1392.0
LBR-801285,WH-DXB-01,2026-01-16,Morning,10,10,80.0,2.0,14.5,1203.5
LBR-801286,WH-DXB-01,2026-01-16,Evening,10,10,80.0,0.0,14.5,1160.0
LBR-801287,WH-DXB-01,2026-01-16,Night,10,10,80.0,1.5,14.5,1192.62
LBR-801288,WH-AUH-01,2026-01-16,Morning,4,4,32.0,0.0,14.5,464.0
LBR-801289,WH-AUH-01,2026-01-16,Evening,4,3,24.0,0.0,14.5,348.0
LBR-801290,WH-AUH-01,2026-01-16,Night,4,3,24.0,0.0,14.5,348.0
LBR-801291,WH-SHJ-01,2026-01-16,Morning,3,1,8.0,3.018740713098535,14.5,181.66
LBR-801292,WH-SHJ-01,2026-01-16,Evening,3,1,8.0,2.708695998911084,14.5,174.91
LBR-801293,WH-SHJ-01,2026-01-16,Night,3,1,8.0,3.549704561802206,14.5,193.21
LBR-801294,WH-DWC-01,2026-01-16,Morning,7,7,56.0,0.0,14.5,812.0
LBR-801295,WH-DWC-01,2026-01-16,Evening,7,8,64.0,1.5,14.5,960.62
LBR-801296,WH-DWC-01,2026-01-16,Night,7,6,48.0,1.5,14.5,728.62
LBR-801297,WH-DXB-01,2026-01-17,Morning,10,9,72.0,0.0,14.5,1044.0
LBR-801298,WH-DXB-01,2026-01-17,Evening,10,9,72.0,0.0,14.5,1044.0
LBR-801299,WH-DXB-01,2026-01-17,Night,10,10,80.0,2.0,14.5,1203.5
LBR-801300,WH-AUH-01,2026-01-17,Morning,4,4,32.0,2.0,14.5,507.5
LBR-801301,WH-AUH-01,2026-01-17,Evening,4,5,40.0,0.0,14.5,580.0
LBR-801302,WH-AUH-01,2026-01-17,Night,4,4,32.0,1.5,14.5,496.62
LBR-801303,WH-SHJ-01,2026-01-17,Morning,3,1,8.0,2.909416125650943,14.5,179.28
LBR-801304,WH-SHJ-01,2026-01-17,Evening,3,1,8.0,3.234445920496287,14.5,186.35
LBR-801305,WH-SHJ-01,2026-01-17,Night,3,1,8.0,3.9702635551500096,14.5,202.35
LBR-801306,WH-DWC-01,2026-01-17,Morning,7,6,48.0,0.0,14.5,696.0
LBR-801307,WH-DWC-01,2026-01-17,Evening,7,7,56.0,2.0,14.5,855.5
LBR-801308,WH-DWC-01,2026-01-17,Night,7,7,56.0,1.5,14.5,844.62
LBR-801309,WH-DXB-01,2026-01-18,Morning,18,17,136.0,1.5,14.5,2004.62
LBR-801310,WH-DXB-01,2026-01-18,Evening,18,18,144.0,2.0,14.5,2131.5
LBR-801311,WH-DXB-01,2026-01-18,Night,18,17,136.0,2.0,14.5,2015.5
LBR-801312,WH-AUH-01,2026-01-18,Morning,8,8,64.0,0.0,14.5,928.0
LBR-801313,WH-AUH-01,2026-01-18,Evening,8,8,64.0,0.0,14.5,928.0
LBR-801314,WH-AUH-01,2026-01-18,Night,8,7,56.0,2.0,14.5,855.5
LBR-801315,WH-SHJ-01,2026-01-18,Morning,6,3,24.0,9.218909653466664,14.5,548.51
LBR-801316,WH-SHJ-01,2026-01-18,Evening,6,3,24.0,11.933002971963543,14.5,607.54
LBR-801317,WH-SHJ-01,2026-01-18,Night,6,3,24.0,9.272795687778814,14.5,549.68
LBR-801318,WH-DWC-01,2026-01-18,Morning,12,13,104.0,0.0,14.5,1508.0
LBR-801319,WH-DWC-01,2026-01-18,Evening,12,13,104.0,0.0,14.5,1508.0
LBR-801320,WH-DWC-01,2026-01-18,Night,12,13,104.0,1.5,14.5,1540.62
LBR-801321,WH-DXB-01,2026-01-19,Morning,18,18,144.0,0.0,14.5,2088.0
LBR-801322,WH-DXB-01,2026-01-19,Evening,18,18,144.0,0.0,14.5,2088.0
LBR-801323,WH-DXB-01,2026-01-19,Night,18,19,152.0,1.5,14.5,2236.62
LBR-801324,WH-AUH-01,2026-01-19,Morning,8,9,72.0,0.0,14.5,1044.0
LBR-801325,WH-AUH-01,2026-01-19,Evening,8,9,72.0,1.5,14.5,1076.62
LBR-801326,WH-AUH-01,2026-01-19,Night,8,8,64.0,1.5,14.5,960.62
LBR-801327,WH-SHJ-01,2026-01-19,Morning,6,3,24.0,9.863988997891141,14.5,562.54
LBR-801328,WH-SHJ-01,2026-01-19,Evening,6,3,24.0,11.415649504299129,14.5,596.29
LBR-801329,WH-SHJ-01,2026-01-19,Night,6,3,24.0,8.468069833967945,14.5,532.18
LBR-801330,WH-DWC-01,2026-01-19,Morning,12,11,88.0,0.0,14.5,1276.0
LBR-801331,WH-DWC-01,2026-01-19,Evening,12,11,88.0,0.0,14.5,1276.0
LBR-801332,WH-DWC-01,2026-01-19,Night,12,12,96.0,0.0,14.5,1392.0
LBR-801333,WH-DXB-01,2026-01-20,Morning,18,18,144.0,0.0,14.5,2088.0
LBR-801334,WH-DXB-01,2026-01-20,Evening,18,18,144.0,0.0,14.5,2088.0
LBR-801335,WH-DXB-01,2026-01-20,Night,18,17,136.0,0.0,14.5,1972.0
LBR-801336,WH-AUH-01,2026-01-20,Morning,8,8,64.0,1.5,14.5,960.62
LBR-801337,WH-AUH-01,2026-01-20,Evening,8,8,64.0,0.0,14.5,928.0
LBR-801338,WH-AUH-01,2026-01-20,Night,8,7,56.0,0.0,14.5,812.0
LBR-801339,WH-SHJ-01,2026-01-20,Morning,6,3,24.0,11.948489139850995,14.5,607.88
LBR-801340,WH-SHJ-01,2026-01-20,Evening,6,3,24.0,8.180126926885643,14.5,525.92
LBR-801341,WH-SHJ-01,2026-01-20,Night,6,3,24.0,7.555541514373367,14.5,512.33
LBR-801342,WH-DWC-01,2026-01-20,Morning,12,13,104.0,2.0,14.5,1551.5
LBR-801343,WH-DWC-01,2026-01-20,Evening,12,12,96.0,0.0,14.5,1392.0
LBR-801344,WH-DWC-01,2026-01-20,Night,12,12,96.0,1.5,14.5,1424.62
LBR-801345,WH-DXB-01,2026-01-21,Morning,18,17,136.0,2.0,14.5,2015.5
LBR-801346,WH-DXB-01,2026-01-21,Evening,18,18,144.0,1.5,14.5,2120.62
LBR-801347,WH-DXB-01,2026-01-21,Night,18,18,144.0,2.0,14.5,2131.5
LBR-801348,WH-AUH-01,2026-01-21,Morning,8,8,64.0,0.0,14.5,928.0
LBR-801349,WH-AUH-01,2026-01-21,Evening,8,8,64.0,2.0,14.5,971.5
LBR-801350,WH-AUH-01,2026-01-21,Night,8,7,56.0,0.0,14.5,812.0
LBR-801351,WH-SHJ-01,2026-01-21,Morning,6,3,24.0,7.795229105815104,14.5,517.55
LBR-801352,WH-SHJ-01,2026-01-21,Evening,6,3,24.0,10.174577553930323,14.5,569.3
LBR-801353,WH-SHJ-01,2026-01-21,Night,6,3,24.0,11.034950700690498,14.5,588.01
LBR-801354,WH-DWC-01,2026-01-21,Morning,12,12,96.0,0.0,14.5,1392.0
LBR-801355,WH-DWC-01,2026-01-21,Evening,12,12,96.0,0.0,14.5,1392.0
LBR-801356,WH-DWC-01,2026-01-21,Night,12,12,96.0,0.0,14.5,1392.0
LBR-801357,WH-DXB-01,2026-01-22,Morning,18,19,152.0,0.0,14.5,2204.0
LBR-801358,WH-DXB-01,2026-01-22,Evening,18,17,136.0,0.0,14.5,1972.0
LBR-801359,WH-DXB-01,2026-01-22,Night,18,18,144.0,0.0,14.5,2088.0
LBR-801360,WH-AUH-01,2026-01-22,Morning,8,7,56.0,2.0,14.5,855.5
LBR-801361,WH-AUH-01,2026-01-22,Evening,8,8,64.0,2.0,14.5,971.5
LBR-801362,WH-AUH-01,2026-01-22,Night,8,9,72.0,1.5,14.5,1076.62
LBR-801363,WH-SHJ-01,2026-01-22,Morning,6,3,24.0,8.490412138057977,14.5,532.67
LBR-801364,WH-SHJ-01,2026-01-22,Evening,6,3,24.0,9.153711312592035,14.5,547.09
LBR-801365,WH-SHJ-01,2026-01-22,Night,6,3,24.0,7.979401409723089,14.5,521.55
LBR-801366,WH-DWC-01,2026-01-22,Morning,12,12,96.0,0.0,14.5,1392.0
LBR-801367,WH-DWC-01,2026-01-22,Evening,12,11,88.0,1.5,14.5,1308.62
LBR-801368,WH-DWC-01,2026-01-22,Night,12,13,104.0,0.0,14.5,1508.0
LBR-801369,WH-DXB-01,2026-01-23,Morning,10,10,80.0,1.5,14.5,1192.62
LBR-801370,WH-DXB-01,2026-01-23,Evening,10,9,72.0,2.0,14.5,1087.5
LBR-801371,WH-DXB-01,2026-01-23,Night,10,10,80.0,0.0,14.5,1160.0
LBR-801372,WH-AUH-01,2026-01-23,Morning,4,4,32.0,2.0,14.5,507.5
LBR-801373,WH-AUH-01,2026-01-23,Evening,4,3,24.0,2.0,14.5,391.5
LBR-801374,WH-AUH-01,2026-01-23,Night,4,5,40.0,0.0,14.5,580.0
LBR-801375,WH-SHJ-01,2026-01-23,Morning,3,2,16.0,2.0,14.5,275.5
LBR-801376,WH-SHJ-01,2026-01-23,Evening,3,3,24.0,2.0,14.5,391.5
LBR-801377,WH-SHJ-01,2026-01-23,Night,3,3,24.0,0.0,14.5,348.0
LBR-801378,WH-DWC-01,2026-01-23,Morning,7,7,56.0,2.0,14.5,855.5
LBR-801379,WH-DWC-01,2026-01-23,Evening,7,7,56.0,2.0,14.5,855.5
LBR-801380,WH-DWC-01,2026-01-23,Night,7,7,56.0,2.0,14.5,855.5
LBR-801381,WH-DXB-01,2026-01-24,Morning,10,10,80.0,0.0,14.5,1160.0
LBR-801382,WH-DXB-01,2026-01-24,Evening,10,9,72.0,0.0,14.5,1044.0
LBR-801383,WH-DXB-01,2026-01-24,Night,10,10,80.0,2.0,14.5,1203.5
LBR-801384,WH-AUH-01,2026-01-24,Morning,4,3,24.0,0.0,14.5,348.0
LBR-801385,WH-AUH-01,2026-01-24,Evening,4,4,32.0,0.0,14.5,464.0
LBR-801386,WH-AUH-01,2026-01-24,Night,4,4,32.0,1.5,14.5,496.62
LBR-801387,WH-SHJ-01,2026-01-24,Morning,3,3,24.0,1.5,14.5,380.62
LBR-801388,WH-SHJ-01,2026-01-24,Evening,3,3,24.0,0.0,14.5,348.0
LBR-801389,WH-SHJ-01,2026-01-24,Night,3,2,16.0,0.0,14.5,232.0
LBR-801390,WH-DWC-01,2026-01-24,Morning,7,7,56.0,2.0,14.5,855.5
LBR-801391,WH-DWC-01,2026-01-24,Evening,7,6,48.0,0.0,14.5,696.0
LBR-801392,WH-DWC-01,2026-01-24,Night,7,7,56.0,0.0,14.5,812.0
LBR-801393,WH-DXB-01,2026-01-25,Morning,18,17,136.0,1.5,14.5,2004.62
LBR-801394,WH-DXB-01,2026-01-25,Evening,18,17,136.0,0.0,14.5,1972.0
LBR-801395,WH-DXB-01,2026-01-25,Night,18,18,144.0,2.0,14.5,2131.5
LBR-801396,WH-AUH-01,2026-01-25,Morning,8,9,72.0,0.0,14.5,1044.0
LBR-801397,WH-AUH-01,2026-01-25,Evening,8,9,72.0,0.0,14.5,1044.0
LBR-801398,WH-AUH-01,2026-01-25,Night,8,8,64.0,2.0,14.5,971.5
LBR-801399,WH-SHJ-01,2026-01-25,Morning,6,7,56.0,2.0,14.5,855.5
LBR-801400,WH-SHJ-01,2026-01-25,Evening,6,6,48.0,0.0,14.5,696.0
LBR-801401,WH-SHJ-01,2026-01-25,Night,6,5,40.0,1.5,14.5,612.62
LBR-801402,WH-DWC-01,2026-01-25,Morning,12,12,96.0,0.0,14.5,1392.0
LBR-801403,WH-DWC-01,2026-01-25,Evening,12,11,88.0,1.5,14.5,1308.62
LBR-801404,WH-DWC-01,2026-01-25,Night,12,12,96.0,2.0,14.5,1435.5
LBR-801405,WH-DXB-01,2026-01-26,Morning,18,19,152.0,2.0,14.5,2247.5
LBR-801406,WH-DXB-01,2026-01-26,Evening,18,19,152.0,0.0,14.5,2204.0
LBR-801407,WH-DXB-01,2026-01-26,Night,18,17,136.0,0.0,14.5,1972.0
LBR-801408,WH-AUH-01,2026-01-26,Morning,8,8,64.0,1.5,14.5,960.62
LBR-801409,WH-AUH-01,2026-01-26,Evening,8,8,64.0,0.0,14.5,928.0
LBR-801410,WH-AUH-01,2026-01-26,Night,8,7,56.0,1.5,14.5,844.62
LBR-801411,WH-SHJ-01,2026-01-26,Morning,6,6,48.0,0.0,14.5,696.0
LBR-801412,WH-SHJ-01,2026-01-26,Evening,6,6,48.0,1.5,14.5,728.62
LBR-801413,WH-SHJ-01,2026-01-26,Night,6,7,56.0,2.0,14.5,855.5
LBR-801414,WH-DWC-01,2026-01-26,Morning,12,12,96.0,0.0,14.5,1392.0
LBR-801415,WH-DWC-01,2026-01-26,Evening,12,11,88.0,0.0,14.5,1276.0
LBR-801416,WH-DWC-01,2026-01-26,Night,12,12,96.0,0.0,14.5,1392.0
LBR-801417,WH-DXB-01,2026-01-27,Morning,18,17,136.0,1.5,14.5,2004.62
LBR-801418,WH-DXB-01,2026-01-27,Evening,18,18,144.0,0.0,14.5,2088.0
LBR-801419,WH-DXB-01,2026-01-27,Night,18,17,136.0,1.5,14.5,2004.62
LBR-801420,WH-AUH-01,2026-01-27,Morning,8,8,64.0,2.0,14.5,971.5
LBR-801421,WH-AUH-01,2026-01-27,Evening,8,7,56.0,1.5,14.5,844.62
LBR-801422,WH-AUH-01,2026-01-27,Night,8,8,64.0,2.0,14.5,971.5
LBR-801423,WH-SHJ-01,2026-01-27,Morning,6,6,48.0,0.0,14.5,696.0
LBR-801424,WH-SHJ-01,2026-01-27,Evening,6,6,48.0,0.0,14.5,696.0
LBR-801425,WH-SHJ-01,2026-01-27,Night,6,5,40.0,0.0,14.5,580.0
LBR-801426,WH-DWC-01,2026-01-27,Morning,12,11,88.0,2.0,14.5,1319.5
LBR-801427,WH-DWC-01,2026-01-27,Evening,12,11,88.0,0.0,14.5,1276.0
LBR-801428,WH-DWC-01,2026-01-27,Night,12,11,88.0,2.0,14.5,1319.5
LBR-801429,WH-DXB-01,2026-01-28,Morning,18,17,136.0,1.5,14.5,2004.62
LBR-801430,WH-DXB-01,2026-01-28,Evening,18,18,144.0,0.0,14.5,2088.0
LBR-801431,WH-DXB-01,2026-01-28,Night,18,18,144.0,2.0,14.5,2131.5
LBR-801432,WH-AUH-01,2026-01-28,Morning,8,8,64.0,0.0,14.5,928.0
LBR-801433,WH-AUH-01,2026-01-28,Evening,8,7,56.0,0.0,14.5,812.0
LBR-801434,WH-AUH-01,2026-01-28,Night,8,9,72.0,0.0,14.5,1044.0
LBR-801435,WH-SHJ-01,2026-01-28,Morning,6,6,48.0,0.0,14.5,696.0
LBR-801436,WH-SHJ-01,2026-01-28,Evening,6,7,56.0,0.0,14.5,812.0
LBR-801437,WH-SHJ-01,2026-01-28,Night,6,5,40.0,2.0,14.5,623.5
LBR-801438,WH-DWC-01,2026-01-28,Morning,12,12,96.0,2.0,14.5,1435.5
LBR-801439,WH-DWC-01,2026-01-28,Evening,12,12,96.0,0.0,14.5,1392.0
LBR-801440,WH-DWC-01,2026-01-28,Night,12,12,96.0,2.0,14.5,1435.5
LBR-801441,WH-DXB-01,2026-01-29,Morning,18,17,136.0,0.0,14.5,1972.0
LBR-801442,WH-DXB-01,2026-01-29,Evening,18,18,144.0,0.0,14.5,2088.0
LBR-801443,WH-DXB-01,2026-01-29,Night,18,19,152.0,1.5,14.5,2236.62
LBR-801444,WH-AUH-01,2026-01-29,Morning,8,8,64.0,0.0,14.5,928.0
LBR-801445,WH-AUH-01,2026-01-29,Evening,8,8,64.0,1.5,14.5,960.62
LBR-801446,WH-AUH-01,2026-01-29,Night,8,8,64.0,0.0,14.5,928.0
LBR-801447,WH-SHJ-01,2026-01-29,Morning,6,6,48.0,2.0,14.5,739.5
LBR-801448,WH-SHJ-01,2026-01-29,Evening,6,5,40.0,0.0,14.5,580.0
LBR-801449,WH-SHJ-01,2026-01-29,Night,6,5,40.0,2.0,14.5,623.5
LBR-801450,WH-DWC-01,2026-01-29,Morning,12,13,104.0,0.0,14.5,1508.0
LBR-801451,WH-DWC-01,2026-01-29,Evening,12,11,88.0,0.0,14.5,1276.0
LBR-801452,WH-DWC-01,2026-01-29,Night,12,12,96.0,2.0,14.5,1435.5
LBR-801453,WH-DXB-01,2026-01-30,Morning,10,9,72.0,1.5,14.5,1076.62
LBR-801454,WH-DXB-01,2026-01-30,Evening,10,11,88.0,2.0,14.5,1319.5
LBR-801455,WH-DXB-01,2026-01-30,Night,10,9,72.0,1.5,14.5,1076.62
LBR-801456,WH-AUH-01,2026-01-30,Morning,4,5,40.0,0.0,14.5,580.0
LBR-801457,WH-AUH-01,2026-01-30,Evening,4,4,32.0,2.0,14.5,507.5
LBR-801458,WH-AUH-01,2026-01-30,Night,4,4,32.0,2.0,14.5,507.5
LBR-801459,WH-SHJ-01,2026-01-30,Morning,3,3,24.0,2.0,14.5,391.5
LBR-801460,WH-SHJ-01,2026-01-30,Evening,3,3,24.0,0.0,14.5,348.0
LBR-801461,WH-SHJ-01,2026-01-30,Night,3,4,32.0,2.0,14.5,507.5
LBR-801462,WH-DWC-01,2026-01-30,Morning,7,7,56.0,2.0,14.5,855.5
LBR-801463,WH-DWC-01,2026-01-30,Evening,7,6,48.0,0.0,14.5,696.0
LBR-801464,WH-DWC-01,2026-01-30,Night,7,6,48.0,2.0,14.5,739.5
LBR-801465,WH-DXB-01,2026-01-31,Morning,10,11,88.0,2.0,14.5,1319.5
LBR-801466,WH-DXB-01,2026-01-31,Evening,10,10,80.0,0.0,14.5,1160.0
LBR-801467,WH-DXB-01,2026-01-31,Night,10,10,80.0,1.5,14.5,1192.62
LBR-801468,WH-AUH-01,2026-01-31,Morning,4,4,32.0,1.5,14.5,496.62
LBR-801469,WH-AUH-01,2026-01-31,Evening,4,3,24.0,0.0,14.5,348.0
LBR-801470,WH-AUH-01,2026-01-31,Night,4,3,24.0,0.0,14.5,348.0
LBR-801471,WH-SHJ-01,2026-01-31,Morning,3,2,16.0,2.0,14.5,275.5
LBR-801472,WH-SHJ-01,2026-01-31,Evening,3,3,24.0,2.0,14.5,391.5
LBR-801473,WH-SHJ-01,2026-01-31,Night,3,4,32.0,2.0,14.5,507.5
LBR-801474,WH-DWC-01,2026-01-31,Morning,7,8,64.0,0.0,14.5,928.0
LBR-801475,WH-DWC-01,2026-01-31,Evening,7,6,48.0,2.0,14.5,739.5
LBR-801476,WH-DWC-01,2026-01-31,Night,7,7,56.0,0.0,14.5,812.0
LBR-801477,WH-DXB-01,2026-02-01,Morning,18,18,144.0,0.0,14.5,2088.0
LBR-801478,WH-DXB-01,2026-02-01,Evening,18,18,144.0,2.0,14.5,2131.5
LBR-801479,WH-DXB-01,2026-02-01,Night,18,18,144.0,0.0,14.5,2088.0
LBR-801480,WH-AUH-01,2026-02-01,Morning,8,8,64.0,1.5,14.5,960.62
LBR-801481,WH-AUH-01,2026-02-01,Evening,8,7,56.0,0.0,14.5,812.0
LBR-801482,WH-AUH-01,2026-02-01,Night,8,8,64.0,0.0,14.5,928.0
LBR-801483,WH-SHJ-01,2026-02-01,Morning,6,6,48.0,0.0,14.5,696.0
LBR-801484,WH-SHJ-01,2026-02-01,Evening,6,5,40.0,2.0,14.5,623.5
LBR-801485,WH-SHJ-01,2026-02-01,Night,6,5,40.0,0.0,14.5,580.0
LBR-801486,WH-DWC-01,2026-02-01,Morning,12,12,96.0,2.0,14.5,1435.5
LBR-801487,WH-DWC-01,2026-02-01,Evening,12,12,96.0,1.5,14.5,1424.62
LBR-801488,WH-DWC-01,2026-02-01,Night,12,12,96.0,0.0,14.5,1392.0
LBR-801489,WH-DXB-01,2026-02-02,Morning,18,18,144.0,0.0,14.5,2088.0
LBR-801490,WH-DXB-01,2026-02-02,Evening,18,18,144.0,0.0,14.5,2088.0
LBR-801491,WH-DXB-01,2026-02-02,Night,18,18,144.0,1.5,14.5,2120.62
LBR-801492,WH-AUH-01,2026-02-02,Morning,8,8,64.0,1.5,14.5,960.62
LBR-801493,WH-AUH-01,2026-02-02,Evening,8,9,72.0,2.0,14.5,1087.5
LBR-801494,WH-AUH-01,2026-02-02,Night,8,9,72.0,0.0,14.5,1044.0
LBR-801495,WH-SHJ-01,2026-02-02,Morning,6,6,48.0,0.0,14.5,696.0
LBR-801496,WH-SHJ-01,2026-02-02,Evening,6,5,40.0,0.0,14.5,580.0
LBR-801497,WH-SHJ-01,2026-02-02,Night,6,6,48.0,0.0,14.5,696.0
LBR-801498,WH-DWC-01,2026-02-02,Morning,12,12,96.0,2.0,14.5,1435.5
LBR-801499,WH-DWC-01,2026-02-02,Evening,12,11,88.0,0.0,14.5,1276.0
LBR-801500,WH-DWC-01,2026-02-02,Night,12,13,104.0,0.0,14.5,1508.0
LBR-801501,WH-DXB-01,2026-02-03,Morning,18,17,136.0,1.5,14.5,2004.62
LBR-801502,WH-DXB-01,2026-02-03,Evening,18,19,152.0,2.0,14.5,2247.5
LBR-801503,WH-DXB-01,2026-02-03,Night,18,19,152.0,0.0,14.5,2204.0
LBR-801504,WH-AUH-01,2026-02-03,Morning,8,7,56.0,2.0,14.5,855.5
LBR-801505,WH-AUH-01,2026-02-03,Evening,8,7,56.0,2.0,14.5,855.5
LBR-801506,WH-AUH-01,2026-02-03,Night,8,8,64.0,0.0,14.5,928.0
LBR-801507,WH-SHJ-01,2026-02-03,Morning,6,7,56.0,0.0,14.5,812.0
LBR-801508,WH-SHJ-01,2026-02-03,Evening,6,7,56.0,0.0,14.5,812.0
LBR-801509,WH-SHJ-01,2026-02-03,Night,6,5,40.0,2.0,14.5,623.5
LBR-801510,WH-DWC-01,2026-02-03,Morning,12,11,88.0,1.5,14.5,1308.62
LBR-801511,WH-DWC-01,2026-02-03,Evening,12,12,96.0,2.0,14.5,1435.5
LBR-801512,WH-DWC-01,2026-02-03,Night,12,11,88.0,2.0,14.5,1319.5
LBR-801513,WH-DXB-01,2026-02-04,Morning,18,17,136.0,0.0,14.5,1972.0
LBR-801514,WH-DXB-01,2026-02-04,Evening,18,18,144.0,2.0,14.5,2131.5
LBR-801515,WH-DXB-01,2026-02-04,Night,18,17,136.0,1.5,14.5,2004.62
LBR-801516,WH-AUH-01,2026-02-04,Morning,8,7,56.0,2.0,14.5,855.5
LBR-801517,WH-AUH-01,2026-02-04,Evening,8,8,64.0,2.0,14.5,971.5
LBR-801518,WH-AUH-01,2026-02-04,Night,8,8,64.0,1.5,14.5,960.62
LBR-801519,WH-SHJ-01,2026-02-04,Morning,6,6,48.0,2.0,14.5,739.5
LBR-801520,WH-SHJ-01,2026-02-04,Evening,6,7,56.0,2.0,14.5,855.5
LBR-801521,WH-SHJ-01,2026-02-04,Night,6,5,40.0,2.0,14.5,623.5
LBR-801522,WH-DWC-01,2026-02-04,Morning,12,12,96.0,0.0,14.5,1392.0
LBR-801523,WH-DWC-01,2026-02-04,Evening,12,13,104.0,0.0,14.5,1508.0
LBR-801524,WH-DWC-01,2026-02-04,Night,12,12,96.0,2.0,14.5,1435.5
LBR-801525,WH-DXB-01,2026-02-05,Morning,18,17,136.0,1.5,14.5,2004.62
LBR-801526,WH-DXB-01,2026-02-05,Evening,18,19,152.0,2.0,14.5,2247.5
LBR-801527,WH-DXB-01,2026-02-05,Night,18,17,136.0,0.0,14.5,1972.0
LBR-801528,WH-AUH-01,2026-02-05,Morning,8,8,64.0,2.0,14.5,971.5
LBR-801529,WH-AUH-01,2026-02-05,Evening,8,7,56.0,0.0,14.5,812.0
LBR-801530,WH-AUH-01,2026-02-05,Night,8,7,56.0,1.5,14.5,844.62
LBR-801531,WH-SHJ-01,2026-02-05,Morning,6,6,48.0,2.0,14.5,739.5
LBR-801532,WH-SHJ-01,2026-02-05,Evening,6,6,48.0,1.5,14.5,728.62
LBR-801533,WH-SHJ-01,2026-02-05,Night,6,5,40.0,0.0,14.5,580.0
LBR-801534,WH-DWC-01,2026-02-05,Morning,12,13,104.0,2.0,14.5,1551.5
LBR-801535,WH-DWC-01,2026-02-05,Evening,12,11,88.0,0.0,14.5,1276.0
LBR-801536,WH-DWC-01,2026-02-05,Night,12,12,96.0,1.5,14.5,1424.62
LBR-801537,WH-DXB-01,2026-02-06,Morning,10,9,72.0,0.0,14.5,1044.0
LBR-801538,WH-DXB-01,2026-02-06,Evening,10,9,72.0,2.0,14.5,1087.5
LBR-801539,WH-DXB-01,2026-02-06,Night,10,10,80.0,0.0,14.5,1160.0
LBR-801540,WH-AUH-01,2026-02-06,Morning,4,4,32.0,2.0,14.5,507.5
LBR-801541,WH-AUH-01,2026-02-06,Evening,4,3,24.0,1.5,14.5,380.62
LBR-801542,WH-AUH-01,2026-02-06,Night,4,5,40.0,1.5,14.5,612.62
LBR-801543,WH-SHJ-01,2026-02-06,Morning,3,2,16.0,0.0,14.5,232.0
LBR-801544,WH-SHJ-01,2026-02-06,Evening,3,3,24.0,0.0,14.5,348.0
LBR-801545,WH-SHJ-01,2026-02-06,Night,3,3,24.0,2.0,14.5,391.5
LBR-801546,WH-DWC-01,2026-02-06,Morning,7,7,56.0,1.5,14.5,844.62
LBR-801547,WH-DWC-01,2026-02-06,Evening,7,7,56.0,0.0,14.5,812.0
LBR-801548,WH-DWC-01,2026-02-06,Night,7,8,64.0,1.5,14.5,960.62
LBR-801549,WH-DXB-01,2026-02-07,Morning,10,10,80.0,0.0,14.5,1160.0
LBR-801550,WH-DXB-01,2026-02-07,Evening,10,10,80.0,0.0,14.5,1160.0
LBR-801551,WH-DXB-01,2026-02-07,Night,10,10,80.0,2.0,14.5,1203.5
LBR-801552,WH-AUH-01,2026-02-07,Morning,4,3,24.0,0.0,14.5,348.0
LBR-801553,WH-AUH-01,2026-02-07,Evening,4,4,32.0,1.5,14.5,496.62
LBR-801554,WH-AUH-01,2026-02-07,Night,4,4,32.0,1.5,14.5,496.62
LBR-801555,WH-SHJ-01,2026-02-07,Morning,3,3,24.0,1.5,14.5,380.62
LBR-801556,WH-SHJ-01,2026-02-07,Evening,3,4,32.0,0.0,14.5,464.0
LBR-801557,WH-SHJ-01,2026-02-07,Night,3,4,32.0,0.0,14.5,464.0
LBR-801558,WH-DWC-01,2026-02-07,Morning,7,7,56.0,2.0,14.5,855.5
LBR-801559,WH-DWC-01,2026-02-07,Evening,7,8,64.0,2.0,14.5,971.5
LBR-801560,WH-DWC-01,2026-02-07,Night,7,7,56.0,1.5,14.5,844.62
LBR-801561,WH-DXB-01,2026-02-08,Morning,18,17,136.0,2.0,14.5,2015.5
LBR-801562,WH-DXB-01,2026-02-08,Evening,18,19,152.0,0.0,14.5,2204.0
LBR-801563,WH-DXB-01,2026-02-08,Night,18,18,144.0,1.5,14.5,2120.62
LBR-801564,WH-AUH-01,2026-02-08,Morning,8,7,56.0,0.0,14.5,812.0
LBR-801565,WH-AUH-01,2026-02-08,Evening,8,8,64.0,2.0,14.5,971.5
LBR-801566,WH-AUH-01,2026-02-08,Night,8,7,56.0,1.5,14.5,844.62
LBR-801567,WH-SHJ-01,2026-02-08,Morning,6,6,48.0,0.0,14.5,696.0
LBR-801568,WH-SHJ-01,2026-02-08,Evening,6,5,40.0,0.0,14.5,580.0
LBR-801569,WH-SHJ-01,2026-02-08,Night,6,7,56.0,2.0,14.5,855.5
LBR-801570,WH-DWC-01,2026-02-08,Morning,12,11,88.0,0.0,14.5,1276.0
LBR-801571,WH-DWC-01,2026-02-08,Evening,12,12,96.0,0.0,14.5,1392.0
LBR-801572,WH-DWC-01,2026-02-08,Night,12,12,96.0,2.0,14.5,1435.5
LBR-801573,WH-DXB-01,2026-02-09,Morning,18,18,144.0,1.5,14.5,2120.62
LBR-801574,WH-DXB-01,2026-02-09,Evening,18,17,136.0,0.0,14.5,1972.0
LBR-801575,WH-DXB-01,2026-02-09,Night,18,18,144.0,0.0,14.5,2088.0
LBR-801576,WH-AUH-01,2026-02-09,Morning,8,9,72.0,0.0,14.5,1044.0
LBR-801577,WH-AUH-01,2026-02-09,Evening,8,9,72.0,0.0,14.5,1044.0
LBR-801578,WH-AUH-01,2026-02-09,Night,8,8,64.0,0.0,14.5,928.0
LBR-801579,WH-SHJ-01,2026-02-09,Morning,6,7,56.0,1.5,14.5,844.62
LBR-801580,WH-SHJ-01,2026-02-09,Evening,6,7,56.0,0.0,14.5,812.0
LBR-801581,WH-SHJ-01,2026-02-09,Night,6,7,56.0,1.5,14.5,844.62
LBR-801582,WH-DWC-01,2026-02-09,Morning,12,11,88.0,0.0,14.5,1276.0
LBR-801583,WH-DWC-01,2026-02-09,Evening,12,12,96.0,0.0,14.5,1392.0
LBR-801584,WH-DWC-01,2026-02-09,Night,12,11,88.0,0.0,14.5,1276.0
LBR-801585,WH-DXB-01,2026-02-10,Morning,18,18,144.0,2.0,14.5,2131.5
LBR-801586,WH-DXB-01,2026-02-10,Evening,18,18,144.0,0.0,14.5,2088.0
LBR-801587,WH-DXB-01,2026-02-10,Night,18,17,136.0,2.0,14.5,2015.5
LBR-801588,WH-AUH-01,2026-02-10,Morning,8,7,56.0,0.0,14.5,812.0
LBR-801589,WH-AUH-01,2026-02-10,Evening,8,8,64.0,2.0,14.5,971.5
LBR-801590,WH-AUH-01,2026-02-10,Night,8,8,64.0,0.0,14.5,928.0
LBR-801591,WH-SHJ-01,2026-02-10,Morning,6,6,48.0,2.0,14.5,739.5
LBR-801592,WH-SHJ-01,2026-02-10,Evening,6,7,56.0,0.0,14.5,812.0
LBR-801593,WH-SHJ-01,2026-02-10,Night,6,6,48.0,0.0,14.5,696.0
LBR-801594,WH-DWC-01,2026-02-10,Morning,12,13,104.0,0.0,14.5,1508.0
LBR-801595,WH-DWC-01,2026-02-10,Evening,12,11,88.0,0.0,14.5,1276.0
LBR-801596,WH-DWC-01,2026-02-10,Night,12,13,104.0,0.0,14.5,1508.0
LBR-801597,WH-DXB-01,2026-02-11,Morning,18,17,136.0,2.0,14.5,2015.5
LBR-801598,WH-DXB-01,2026-02-11,Evening,18,19,152.0,0.0,14.5,2204.0
LBR-801599,WH-DXB-01,2026-02-11,Night,18,17,136.0,1.5,14.5,2004.62
LBR-801600,WH-AUH-01,2026-02-11,Morning,8,8,64.0,0.0,14.5,928.0
LBR-801601,WH-AUH-01,2026-02-11,Evening,8,8,64.0,2.0,14.5,971.5
LBR-801602,WH-AUH-01,2026-02-11,Night,8,8,64.0,2.0,14.5,971.5
LBR-801603,WH-SHJ-01,2026-02-11,Morning,6,6,48.0,2.0,14.5,739.5
LBR-801604,WH-SHJ-01,2026-02-11,Evening,6,6,48.0,2.0,14.5,739.5
LBR-801605,WH-SHJ-01,2026-02-11,Night,6,6,48.0,0.0,14.5,696.0
LBR-801606,WH-DWC-01,2026-02-11,Morning,12,12,96.0,2.0,14.5,1435.5
LBR-801607,WH-DWC-01,2026-02-11,Evening,12,11,88.0,0.0,14.5,1276.0
LBR-801608,WH-DWC-01,2026-02-11,Night,12,11,88.0,1.5,14.5,1308.62
LBR-801609,WH-DXB-01,2026-02-12,Morning,18,17,136.0,0.0,14.5,1972.0
LBR-801610,WH-DXB-01,2026-02-12,Evening,18,18,144.0,0.0,14.5,2088.0
LBR-801611,WH-DXB-01,2026-02-12,Night,18,17,136.0,0.0,14.5,1972.0
LBR-801612,WH-AUH-01,2026-02-12,Morning,8,8,64.0,0.0,14.5,928.0
LBR-801613,WH-AUH-01,2026-02-12,Evening,8,9,72.0,0.0,14.5,1044.0
LBR-801614,WH-AUH-01,2026-02-12,Night,8,8,64.0,1.5,14.5,960.62
LBR-801615,WH-SHJ-01,2026-02-12,Morning,6,6,48.0,0.0,14.5,696.0
LBR-801616,WH-SHJ-01,2026-02-12,Evening,6,5,40.0,0.0,14.5,580.0
LBR-801617,WH-SHJ-01,2026-02-12,Night,6,6,48.0,2.0,14.5,739.5
LBR-801618,WH-DWC-01,2026-02-12,Morning,12,12,96.0,2.0,14.5,1435.5
LBR-801619,WH-DWC-01,2026-02-12,Evening,12,12,96.0,1.5,14.5,1424.62
LBR-801620,WH-DWC-01,2026-02-12,Night,12,13,104.0,2.0,14.5,1551.5
LBR-801621,WH-DXB-01,2026-02-13,Morning,10,10,80.0,0.0,14.5,1160.0
LBR-801622,WH-DXB-01,2026-02-13,Evening,10,10,80.0,1.5,14.5,1192.62
LBR-801623,WH-DXB-01,2026-02-13,Night,10,10,80.0,2.0,14.5,1203.5
LBR-801624,WH-AUH-01,2026-02-13,Morning,4,4,32.0,1.5,14.5,496.62
LBR-801625,WH-AUH-01,2026-02-13,Evening,4,4,32.0,0.0,14.5,464.0
LBR-801626,WH-AUH-01,2026-02-13,Night,4,3,24.0,0.0,14.5,348.0
LBR-801627,WH-SHJ-01,2026-02-13,Morning,3,4,32.0,1.5,14.5,496.62
LBR-801628,WH-SHJ-01,2026-02-13,Evening,3,4,32.0,2.0,14.5,507.5
LBR-801629,WH-SHJ-01,2026-02-13,Night,3,4,32.0,0.0,14.5,464.0
LBR-801630,WH-DWC-01,2026-02-13,Morning,7,7,56.0,2.0,14.5,855.5
LBR-801631,WH-DWC-01,2026-02-13,Evening,7,6,48.0,0.0,14.5,696.0
LBR-801632,WH-DWC-01,2026-02-13,Night,7,8,64.0,0.0,14.5,928.0
LBR-801633,WH-DXB-01,2026-02-14,Morning,10,9,72.0,2.0,14.5,1087.5
LBR-801634,WH-DXB-01,2026-02-14,Evening,10,10,80.0,0.0,14.5,1160.0
LBR-801635,WH-DXB-01,2026-02-14,Night,10,10,80.0,1.5,14.5,1192.62
LBR-801636,WH-AUH-01,2026-02-14,Morning,4,3,24.0,2.0,14.5,391.5
LBR-801637,WH-AUH-01,2026-02-14,Evening,4,5,40.0,1.5,14.5,612.62
LBR-801638,WH-AUH-01,2026-02-14,Night,4,5,40.0,0.0,14.5,580.0
LBR-801639,WH-SHJ-01,2026-02-14,Morning,3,4,32.0,0.0,14.5,464.0
LBR-801640,WH-SHJ-01,2026-02-14,Evening,3,4,32.0,0.0,14.5,464.0
LBR-801641,WH-SHJ-01,2026-02-14,Night,3,3,24.0,2.0,14.5,391.5
LBR-801642,WH-DWC-01,2026-02-14,Morning,7,7,56.0,2.0,14.5,855.5
LBR-801643,WH-DWC-01,2026-02-14,Evening,7,6,48.0,1.5,14.5,728.62
LBR-801644,WH-DWC-01,2026-02-14,Night,7,7,56.0,1.5,14.5,844.62
LBR-801645,WH-DXB-01,2026-02-15,Morning,18,17,136.0,1.5,14.5,2004.62
LBR-801646,WH-DXB-01,2026-02-15,Evening,18,19,152.0,0.0,14.5,2204.0
LBR-801647,WH-DXB-01,2026-02-15,Night,18,18,144.0,0.0,14.5,2088.0
LBR-801648,WH-AUH-01,2026-02-15,Morning,8,9,72.0,0.0,14.5,1044.0
LBR-801649,WH-AUH-01,2026-02-15,Evening,8,8,64.0,1.5,14.5,960.62
LBR-801650,WH-AUH-01,2026-02-15,Night,8,8,64.0,2.0,14.5,971.5
LBR-801651,WH-SHJ-01,2026-02-15,Morning,6,5,40.0,1.5,14.5,612.62
LBR-801652,WH-SHJ-01,2026-02-15,Evening,6,6,48.0,2.0,14.5,739.5
LBR-801653,WH-SHJ-01,2026-02-15,Night,6,5,40.0,0.0,14.5,580.0
LBR-801654,WH-DWC-01,2026-02-15,Morning,12,12,96.0,2.0,14.5,1435.5
LBR-801655,WH-DWC-01,2026-02-15,Evening,12,12,96.0,2.0,14.5,1435.5
LBR-801656,WH-DWC-01,2026-02-15,Night,12,13,104.0,1.5,14.5,1540.62
LBR-801657,WH-DXB-01,2026-02-16,Morning,18,17,136.0,0.0,14.5,1972.0
LBR-801658,WH-DXB-01,2026-02-16,Evening,18,18,144.0,0.0,14.5,2088.0
LBR-801659,WH-DXB-01,2026-02-16,Night,18,19,152.0,0.0,14.5,2204.0
LBR-801660,WH-AUH-01,2026-02-16,Morning,8,8,64.0,0.0,14.5,928.0
LBR-801661,WH-AUH-01,2026-02-16,Evening,8,7,56.0,1.5,14.5,844.62
LBR-801662,WH-AUH-01,2026-02-16,Night,8,8,64.0,0.0,14.5,928.0
LBR-801663,WH-SHJ-01,2026-02-16,Morning,6,5,40.0,0.0,14.5,580.0
LBR-801664,WH-SHJ-01,2026-02-16,Evening,6,5,40.0,0.0,14.5,580.0
LBR-801665,WH-SHJ-01,2026-02-16,Night,6,6,48.0,0.0,14.5,696.0
LBR-801666,WH-DWC-01,2026-02-16,Morning,12,13,104.0,0.0,14.5,1508.0
LBR-801667,WH-DWC-01,2026-02-16,Evening,12,13,104.0,0.0,14.5,1508.0
LBR-801668,WH-DWC-01,2026-02-16,Night,12,11,88.0,2.0,14.5,1319.5
LBR-801669,WH-DXB-01,2026-02-17,Morning,18,18,144.0,1.5,14.5,2120.62
LBR-801670,WH-DXB-01,2026-02-17,Evening,18,18,144.0,1.5,14.5,2120.62
LBR-801671,WH-DXB-01,2026-02-17,Night,18,18,144.0,2.0,14.5,2131.5
LBR-801672,WH-AUH-01,2026-02-17,Morning,8,9,72.0,0.0,14.5,1044.0
LBR-801673,WH-AUH-01,2026-02-17,Evening,8,9,72.0,1.5,14.5,1076.62
LBR-801674,WH-AUH-01,2026-02-17,Night,8,9,72.0,0.0,14.5,1044.0
LBR-801675,WH-SHJ-01,2026-02-17,Morning,6,6,48.0,0.0,14.5,696.0
LBR-801676,WH-SHJ-01,2026-02-17,Evening,6,7,56.0,2.0,14.5,855.5
LBR-801677,WH-SHJ-01,2026-02-17,Night,6,5,40.0,0.0,14.5,580.0
LBR-801678,WH-DWC-01,2026-02-17,Morning,12,13,104.0,2.0,14.5,1551.5
LBR-801679,WH-DWC-01,2026-02-17,Evening,12,12,96.0,0.0,14.5,1392.0
LBR-801680,WH-DWC-01,2026-02-17,Night,12,13,104.0,2.0,14.5,1551.5
LBR-801681,WH-DXB-01,2026-02-18,Morning,18,18,144.0,2.0,14.5,2131.5
LBR-801682,WH-DXB-01,2026-02-18,Evening,18,18,144.0,1.5,14.5,2120.62
LBR-801683,WH-DXB-01,2026-02-18,Night,18,18,144.0,0.0,14.5,2088.0
LBR-801684,WH-AUH-01,2026-02-18,Morning,8,7,56.0,2.0,14.5,855.5
LBR-801685,WH-AUH-01,2026-02-18,Evening,8,9,72.0,1.5,14.5,1076.62
LBR-801686,WH-AUH-01,2026-02-18,Night,8,8,64.0,2.0,14.5,971.5
LBR-801687,WH-SHJ-01,2026-02-18,Morning,6,6,48.0,0.0,14.5,696.0
LBR-801688,WH-SHJ-01,2026-02-18,Evening,6,6,48.0,1.5,14.5,728.62
LBR-801689,WH-SHJ-01,2026-02-18,Night,6,5,40.0,0.0,14.5,580.0
LBR-801690,WH-DWC-01,2026-02-18,Morning,12,12,96.0,0.0,14.5,1392.0
LBR-801691,WH-DWC-01,2026-02-18,Evening,12,12,96.0,0.0,14.5,1392.0
LBR-801692,WH-DWC-01,2026-02-18,Night,12,12,96.0,1.5,14.5,1424.62
LBR-801693,WH-DXB-01,2026-02-19,Morning,18,17,136.0,2.0,14.5,2015.5
LBR-801694,WH-DXB-01,2026-02-19,Evening,18,17,136.0,0.0,14.5,1972.0
LBR-801695,WH-DXB-01,2026-02-19,Night,18,18,144.0,0.0,14.5,2088.0
LBR-801696,WH-AUH-01,2026-02-19,Morning,8,9,72.0,0.0,14.5,1044.0
LBR-801697,WH-AUH-01,2026-02-19,Evening,8,9,72.0,2.0,14.5,1087.5
LBR-801698,WH-AUH-01,2026-02-19,Night,8,9,72.0,1.5,14.5,1076.62
LBR-801699,WH-SHJ-01,2026-02-19,Morning,6,7,56.0,0.0,14.5,812.0
LBR-801700,WH-SHJ-01,2026-02-19,Evening,6,6,48.0,0.0,14.5,696.0
LBR-801701,WH-SHJ-01,2026-02-19,Night,6,5,40.0,0.0,14.5,580.0
LBR-801702,WH-DWC-01,2026-02-19,Morning,12,12,96.0,2.0,14.5,1435.5
LBR-801703,WH-DWC-01,2026-02-19,Evening,12,13,104.0,2.0,14.5,1551.5
LBR-801704,WH-DWC-01,2026-02-19,Night,12,11,88.0,1.5,14.5,1308.62
LBR-801705,WH-DXB-01,2026-02-20,Morning,10,11,88.0,0.0,14.5,1276.0
LBR-801706,WH-DXB-01,2026-02-20,Evening,10,11,88.0,0.0,14.5,1276.0
LBR-801707,WH-DXB-01,2026-02-20,Night,10,10,80.0,0.0,14.5,1160.0
LBR-801708,WH-AUH-01,2026-02-20,Morning,4,5,40.0,0.0,14.5,580.0
LBR-801709,WH-AUH-01,2026-02-20,Evening,4,4,32.0,0.0,14.5,464.0
LBR-801710,WH-AUH-01,2026-02-20,Night,4,5,40.0,1.5,14.5,612.62
LBR-801711,WH-SHJ-01,2026-02-20,Morning,3,3,24.0,0.0,14.5,348.0
LBR-801712,WH-SHJ-01,2026-02-20,Evening,3,3,24.0,1.5,14.5,380.62
LBR-801713,WH-SHJ-01,2026-02-20,Night,3,3,24.0,2.0,14.5,391.5
LBR-801714,WH-DWC-01,2026-02-20,Morning,7,6,48.0,0.0,14.5,696.0
LBR-801715,WH-DWC-01,2026-02-20,Evening,7,8,64.0,2.0,14.5,971.5
LBR-801716,WH-DWC-01,2026-02-20,Night,7,7,56.0,2.0,14.5,855.5
LBR-801717,WH-DXB-01,2026-02-21,Morning,10,9,72.0,1.5,14.5,1076.62
LBR-801718,WH-DXB-01,2026-02-21,Evening,10,9,72.0,0.0,14.5,1044.0
LBR-801719,WH-DXB-01,2026-02-21,Night,10,11,88.0,1.5,14.5,1308.62
LBR-801720,WH-AUH-01,2026-02-21,Morning,4,5,40.0,0.0,14.5,580.0
LBR-801721,WH-AUH-01,2026-02-21,Evening,4,4,32.0,0.0,14.5,464.0
LBR-801722,WH-AUH-01,2026-02-21,Night,4,4,32.0,0.0,14.5,464.0
LBR-801723,WH-SHJ-01,2026-02-21,Morning,3,3,24.0,2.0,14.5,391.5
LBR-801724,WH-SHJ-01,2026-02-21,Evening,3,3,24.0,2.0,14.5,391.5
LBR-801725,WH-SHJ-01,2026-02-21,Night,3,4,32.0,1.5,14.5,496.62
LBR-801726,WH-DWC-01,2026-02-21,Morning,7,7,56.0,2.0,14.5,855.5
LBR-801727,WH-DWC-01,2026-02-21,Evening,7,7,56.0,0.0,14.5,812.0
LBR-801728,WH-DWC-01,2026-02-21,Night,7,8,64.0,0.0,14.5,928.0
LBR-801729,WH-DXB-01,2026-02-22,Morning,18,18,144.0,1.5,14.5,2120.62
LBR-801730,WH-DXB-01,2026-02-22,Evening,18,18,144.0,2.0,14.5,2131.5
LBR-801731,WH-DXB-01,2026-02-22,Night,18,18,144.0,0.0,14.5,2088.0
LBR-801732,WH-AUH-01,2026-02-22,Morning,8,9,72.0,2.0,14.5,1087.5
LBR-801733,WH-AUH-01,2026-02-22,Evening,8,9,72.0,1.5,14.5,1076.62
LBR-801734,WH-AUH-01,2026-02-22,Night,8,8,64.0,1.5,14.5,960.62
LBR-801735,WH-SHJ-01,2026-02-22,Morning,6,6,48.0,0.0,14.5,696.0
LBR-801736,WH-SHJ-01,2026-02-22,Evening,6,7,56.0,0.0,14.5,812.0
LBR-801737,WH-SHJ-01,2026-02-22,Night,6,6,48.0,0.0,14.5,696.0
LBR-801738,WH-DWC-01,2026-02-22,Morning,12,11,88.0,0.0,14.5,1276.0
LBR-801739,WH-DWC-01,2026-02-22,Evening,12,12,96.0,0.0,14.5,1392.0
LBR-801740,WH-DWC-01,2026-02-22,Night,12,12,96.0,1.5,14.5,1424.62
LBR-801741,WH-DXB-01,2026-02-23,Morning,18,17,136.0,0.0,14.5,1972.0
LBR-801742,WH-DXB-01,2026-02-23,Evening,18,19,152.0,1.5,14.5,2236.62
LBR-801743,WH-DXB-01,2026-02-23,Night,18,18,144.0,2.0,14.5,2131.5
LBR-801744,WH-AUH-01,2026-02-23,Morning,8,7,56.0,0.0,14.5,812.0
LBR-801745,WH-AUH-01,2026-02-23,Evening,8,8,64.0,0.0,14.5,928.0
LBR-801746,WH-AUH-01,2026-02-23,Night,8,7,56.0,0.0,14.5,812.0
LBR-801747,WH-SHJ-01,2026-02-23,Morning,6,6,48.0,2.0,14.5,739.5
LBR-801748,WH-SHJ-01,2026-02-23,Evening,6,7,56.0,1.5,14.5,844.62
LBR-801749,WH-SHJ-01,2026-02-23,Night,6,6,48.0,1.5,14.5,728.62
LBR-801750,WH-DWC-01,2026-02-23,Morning,12,11,88.0,0.0,14.5,1276.0
LBR-801751,WH-DWC-01,2026-02-23,Evening,12,12,96.0,1.5,14.5,1424.62
LBR-801752,WH-DWC-01,2026-02-23,Night,12,12,96.0,0.0,14.5,1392.0
LBR-801753,WH-DXB-01,2026-02-24,Morning,18,18,144.0,1.5,14.5,2120.62
LBR-801754,WH-DXB-01,2026-02-24,Evening,18,19,152.0,0.0,14.5,2204.0
LBR-801755,WH-DXB-01,2026-02-24,Night,18,17,136.0,1.5,14.5,2004.62
LBR-801756,WH-AUH-01,2026-02-24,Morning,8,8,64.0,2.0,14.5,971.5
LBR-801757,WH-AUH-01,2026-02-24,Evening,8,7,56.0,2.0,14.5,855.5
LBR-801758,WH-AUH-01,2026-02-24,Night,8,9,72.0,0.0,14.5,1044.0
LBR-801759,WH-SHJ-01,2026-02-24,Morning,6,6,48.0,2.0,14.5,739.5
LBR-801760,WH-SHJ-01,2026-02-24,Evening,6,5,40.0,0.0,14.5,580.0
LBR-801761,WH-SHJ-01,2026-02-24,Night,6,6,48.0,0.0,14.5,696.0
LBR-801762,WH-DWC-01,2026-02-24,Morning,12,13,104.0,2.0,14.5,1551.5
LBR-801763,WH-DWC-01,2026-02-24,Evening,12,11,88.0,0.0,14.5,1276.0
LBR-801764,WH-DWC-01,2026-02-24,Night,12,13,104.0,0.0,14.5,1508.0
LBR-801765,WH-DXB-01,2026-02-25,Morning,18,17,136.0,0.0,14.5,1972.0
LBR-801766,WH-DXB-01,2026-02-25,Evening,18,18,144.0,1.5,14.5,2120.62
LBR-801767,WH-DXB-01,2026-02-25,Night,18,19,152.0,0.0,14.5,2204.0
LBR-801768,WH-AUH-01,2026-02-25,Morning,8,9,72.0,0.0,14.5,1044.0
LBR-801769,WH-AUH-01,2026-02-25,Evening,8,8,64.0,0.0,14.5,928.0
LBR-801770,WH-AUH-01,2026-02-25,Night,8,8,64.0,1.5,14.5,960.62
LBR-801771,WH-SHJ-01,2026-02-25,Morning,6,5,40.0,1.5,14.5,612.62
LBR-801772,WH-SHJ-01,2026-02-25,Evening,6,6,48.0,2.0,14.5,739.5
LBR-801773,WH-SHJ-01,2026-02-25,Night,6,6,48.0,1.5,14.5,728.62
LBR-801774,WH-DWC-01,2026-02-25,Morning,12,12,96.0,1.5,14.5,1424.62
LBR-801775,WH-DWC-01,2026-02-25,Evening,12,13,104.0,0.0,14.5,1508.0
LBR-801776,WH-DWC-01,2026-02-25,Night,12,11,88.0,1.5,14.5,1308.62
LBR-801777,WH-DXB-01,2026-02-26,Morning,18,18,144.0,1.5,14.5,2120.62
LBR-801778,WH-DXB-01,2026-02-26,Evening,18,18,144.0,2.0,14.5,2131.5
LBR-801779,WH-DXB-01,2026-02-26,Night,18,18,144.0,0.0,14.5,2088.0
LBR-801780,WH-AUH-01,2026-02-26,Morning,8,8,64.0,0.0,14.5,928.0
LBR-801781,WH-AUH-01,2026-02-26,Evening,8,9,72.0,0.0,14.5,1044.0
LBR-801782,WH-AUH-01,2026-02-26,Night,8,9,72.0,2.0,14.5,1087.5
LBR-801783,WH-SHJ-01,2026-02-26,Morning,6,6,48.0,0.0,14.5,696.0
LBR-801784,WH-SHJ-01,2026-02-26,Evening,6,7,56.0,2.0,14.5,855.5
LBR-801785,WH-SHJ-01,2026-02-26,Night,6,6,48.0,0.0,14.5,696.0
LBR-801786,WH-DWC-01,2026-02-26,Morning,12,12,96.0,0.0,14.5,1392.0
LBR-801787,WH-DWC-01,2026-02-26,Evening,12,11,88.0,2.0,14.5,1319.5
LBR-801788,WH-DWC-01,2026-02-26,Night,12,12,96.0,0.0,14.5,1392.0
LBR-801789,WH-DXB-01,2026-02-27,Morning,10,11,88.0,0.0,14.5,1276.0
LBR-801790,WH-DXB-01,2026-02-27,Evening,10,10,80.0,1.5,14.5,1192.62
LBR-801791,WH-DXB-01,2026-02-27,Night,10,9,72.0,2.0,14.5,1087.5
LBR-801792,WH-AUH-01,2026-02-27,Morning,4,4,32.0,0.0,14.5,464.0
LBR-801793,WH-AUH-01,2026-02-27,Evening,4,4,32.0,1.5,14.5,496.62
LBR-801794,WH-AUH-01,2026-02-27,Night,4,4,32.0,1.5,14.5,496.62
LBR-801795,WH-SHJ-01,2026-02-27,Morning,3,3,24.0,2.0,14.5,391.5
LBR-801796,WH-SHJ-01,2026-02-27,Evening,3,3,24.0,2.0,14.5,391.5
LBR-801797,WH-SHJ-01,2026-02-27,Night,3,3,24.0,0.0,14.5,348.0
LBR-801798,WH-DWC-01,2026-02-27,Morning,7,6,48.0,0.0,14.5,696.0
LBR-801799,WH-DWC-01,2026-02-27,Evening,7,7,56.0,0.0,14.5,812.0
LBR-801800,WH-DWC-01,2026-02-27,Night,7,6,48.0,0.0,14.5,696.0
LBR-801801,WH-DXB-01,2026-02-28,Morning,10,9,72.0,0.0,14.5,1044.0
LBR-801802,WH-DXB-01,2026-02-28,Evening,10,10,80.0,2.0,14.5,1203.5
LBR-801803,WH-DXB-01,2026-02-28,Night,10,10,80.0,2.0,14.5,1203.5
LBR-801804,WH-AUH-01,2026-02-28,Morning,4,4,32.0,2.0,14.5,507.5
LBR-801805,WH-AUH-01,2026-02-28,Evening,4,4,32.0,2.0,14.5,507.5
LBR-801806,WH-AUH-01,2026-02-28,Night,4,3,24.0,1.5,14.5,380.62
LBR-801807,WH-SHJ-01,2026-02-28,Morning,3,2,16.0,2.0,14.5,275.5
LBR-801808,WH-SHJ-01,2026-02-28,Evening,3,3,24.0,0.0,14.5,348.0
LBR-801809,WH-SHJ-01,2026-02-28,Night,3,3,24.0,0.0,14.5,348.0
LBR-801810,WH-DWC-01,2026-02-28,Morning,7,7,56.0,1.5,14.5,844.62
LBR-801811,WH-DWC-01,2026-02-28,Evening,7,8,64.0,0.0,14.5,928.0
LBR-801812,WH-DWC-01,2026-02-28,Night,7,7,56.0,2.0,14.5,855.5
LBR-801813,WH-DXB-01,2026-03-01,Morning,18,18,144.0,2.0,14.5,2131.5
LBR-801814,WH-DXB-01,2026-03-01,Evening,18,17,136.0,0.0,14.5,1972.0
LBR-801815,WH-DXB-01,2026-03-01,Night,18,18,144.0,0.0,14.5,2088.0
LBR-801816,WH-AUH-01,2026-03-01,Morning,8,9,72.0,0.0,14.5,1044.0
LBR-801817,WH-AUH-01,2026-03-01,Evening,8,8,64.0,0.0,14.5,928.0
LBR-801818,WH-AUH-01,2026-03-01,Night,8,9,72.0,2.0,14.5,1087.5
LBR-801819,WH-SHJ-01,2026-03-01,Morning,6,5,40.0,1.5,14.5,612.62
LBR-801820,WH-SHJ-01,2026-03-01,Evening,6,7,56.0,0.0,14.5,812.0
LBR-801821,WH-SHJ-01,2026-03-01,Night,6,5,40.0,1.5,14.5,612.62
LBR-801822,WH-DWC-01,2026-03-01,Morning,12,12,96.0,0.0,14.5,1392.0
LBR-801823,WH-DWC-01,2026-03-01,Evening,12,12,96.0,1.5,14.5,1424.62
LBR-801824,WH-DWC-01,2026-03-01,Night,12,12,96.0,0.0,14.5,1392.0
LBR-801825,WH-DXB-01,2026-03-02,Morning,18,17,136.0,1.5,14.5,2004.62
LBR-801826,WH-DXB-01,2026-03-02,Evening,18,18,144.0,1.5,14.5,2120.62
LBR-801827,WH-DXB-01,2026-03-02,Night,18,17,136.0,0.0,14.5,1972.0
LBR-801828,WH-AUH-01,2026-03-02,Morning,8,8,64.0,0.0,14.5,928.0
LBR-801829,WH-AUH-01,2026-03-02,Evening,8,7,56.0,0.0,14.5,812.0
LBR-801830,WH-AUH-01,2026-03-02,Night,8,7,56.0,0.0,14.5,812.0
LBR-801831,WH-SHJ-01,2026-03-02,Morning,6,6,48.0,0.0,14.5,696.0
LBR-801832,WH-SHJ-01,2026-03-02,Evening,6,7,56.0,2.0,14.5,855.5
LBR-801833,WH-SHJ-01,2026-03-02,Night,6,6,48.0,0.0,14.5,696.0
LBR-801834,WH-DWC-01,2026-03-02,Morning,12,13,104.0,0.0,14.5,1508.0
LBR-801835,WH-DWC-01,2026-03-02,Evening,12,12,96.0,1.5,14.5,1424.62
LBR-801836,WH-DWC-01,2026-03-02,Night,12,12,96.0,0.0,14.5,1392.0
LBR-801837,WH-DXB-01,2026-03-03,Morning,18,19,152.0,2.0,14.5,2247.5
LBR-801838,WH-DXB-01,2026-03-03,Evening,18,18,144.0,0.0,14.5,2088.0
LBR-801839,WH-DXB-01,2026-03-03,Night,18,19,152.0,2.0,14.5,2247.5
LBR-801840,WH-AUH-01,2026-03-03,Morning,8,8,64.0,2.0,14.5,971.5
LBR-801841,WH-AUH-01,2026-03-03,Evening,8,7,56.0,2.0,14.5,855.5
LBR-801842,WH-AUH-01,2026-03-03,Night,8,7,56.0,2.0,14.5,855.5
LBR-801843,WH-SHJ-01,2026-03-03,Morning,6,7,56.0,0.0,14.5,812.0
LBR-801844,WH-SHJ-01,2026-03-03,Evening,6,6,48.0,2.0,14.5,739.5
LBR-801845,WH-SHJ-01,2026-03-03,Night,6,6,48.0,2.0,14.5,739.5
LBR-801846,WH-DWC-01,2026-03-03,Morning,12,12,96.0,2.0,14.5,1435.5
LBR-801847,WH-DWC-01,2026-03-03,Evening,12,13,104.0,0.0,14.5,1508.0
LBR-801848,WH-DWC-01,2026-03-03,Night,12,13,104.0,2.0,14.5,1551.5
LBR-801849,WH-DXB-01,2026-03-04,Morning,18,18,144.0,1.5,14.5,2120.62
LBR-801850,WH-DXB-01,2026-03-04,Evening,18,19,152.0,0.0,14.5,2204.0
LBR-801851,WH-DXB-01,2026-03-04,Night,18,18,144.0,1.5,14.5,2120.62
LBR-801852,WH-AUH-01,2026-03-04,Morning,8,9,72.0,0.0,14.5,1044.0
LBR-801853,WH-AUH-01,2026-03-04,Evening,8,7,56.0,0.0,14.5,812.0
LBR-801854,WH-AUH-01,2026-03-04,Night,8,9,72.0,2.0,14.5,1087.5
LBR-801855,WH-SHJ-01,2026-03-04,Morning,6,6,48.0,0.0,14.5,696.0
LBR-801856,WH-SHJ-01,2026-03-04,Evening,6,6,48.0,1.5,14.5,728.62
LBR-801857,WH-SHJ-01,2026-03-04,Night,6,7,56.0,1.5,14.5,844.62
LBR-801858,WH-DWC-01,2026-03-04,Morning,12,11,88.0,2.0,14.5,1319.5
LBR-801859,WH-DWC-01,2026-03-04,Evening,12,12,96.0,0.0,14.5,1392.0
LBR-801860,WH-DWC-01,2026-03-04,Night,12,11,88.0,1.5,14.5,1308.62
LBR-801861,WH-DXB-01,2026-03-05,Morning,18,18,144.0,0.0,14.5,2088.0
LBR-801862,WH-DXB-01,2026-03-05,Evening,18,18,144.0,1.5,14.5,2120.62
LBR-801863,WH-DXB-01,2026-03-05,Night,18,18,144.0,0.0,14.5,2088.0
LBR-801864,WH-AUH-01,2026-03-05,Morning,8,9,72.0,0.0,14.5,1044.0
LBR-801865,WH-AUH-01,2026-03-05,Evening,8,9,72.0,0.0,14.5,1044.0
LBR-801866,WH-AUH-01,2026-03-05,Night,8,8,64.0,0.0,14.5,928.0
LBR-801867,WH-SHJ-01,2026-03-05,Morning,6,6,48.0,0.0,14.5,696.0
LBR-801868,WH-SHJ-01,2026-03-05,Evening,6,5,40.0,0.0,14.5,580.0
LBR-801869,WH-SHJ-01,2026-03-05,Night,6,6,48.0,0.0,14.5,696.0
LBR-801870,WH-DWC-01,2026-03-05,Morning,12,12,96.0,0.0,14.5,1392.0
LBR-801871,WH-DWC-01,2026-03-05,Evening,12,12,96.0,2.0,14.5,1435.5
LBR-801872,WH-DWC-01,2026-03-05,Night,12,13,104.0,2.0,14.5,1551.5
LBR-801873,WH-DXB-01,2026-03-06,Morning,10,11,88.0,0.0,14.5,1276.0
LBR-801874,WH-DXB-01,2026-03-06,Evening,10,11,88.0,2.0,14.5,1319.5
LBR-801875,WH-DXB-01,2026-03-06,Night,10,9,72.0,0.0,14.5,1044.0
LBR-801876,WH-AUH-01,2026-03-06,Morning,4,5,40.0,1.5,14.5,612.62
LBR-801877,WH-AUH-01,2026-03-06,Evening,4,4,32.0,1.5,14.5,496.62
LBR-801878,WH-AUH-01,2026-03-06,Night,4,4,32.0,2.0,14.5,507.5
LBR-801879,WH-SHJ-01,2026-03-06,Morning,3,3,24.0,0.0,14.5,348.0
LBR-801880,WH-SHJ-01,2026-03-06,Evening,3,3,24.0,0.0,14.5,348.0
LBR-801881,WH-SHJ-01,2026-03-06,Night,3,3,24.0,0.0,14.5,348.0
LBR-801882,WH-DWC-01,2026-03-06,Morning,7,8,64.0,1.5,14.5,960.62
LBR-801883,WH-DWC-01,2026-03-06,Evening,7,7,56.0,1.5,14.5,844.62
LBR-801884,WH-DWC-01,2026-03-06,Night,7,6,48.0,2.0,14.5,739.5
LBR-801885,WH-DXB-01,2026-03-07,Morning,10,10,80.0,0.0,14.5,1160.0
LBR-801886,WH-DXB-01,2026-03-07,Evening,10,9,72.0,1.5,14.5,1076.62
LBR-801887,WH-DXB-01,2026-03-07,Night,10,11,88.0,0.0,14.5,1276.0
LBR-801888,WH-AUH-01,2026-03-07,Morning,4,5,40.0,0.0,14.5,580.0
LBR-801889,WH-AUH-01,2026-03-07,Evening,4,4,32.0,2.0,14.5,507.5
LBR-801890,WH-AUH-01,2026-03-07,Night,4,4,32.0,1.5,14.5,496.62
LBR-801891,WH-SHJ-01,2026-03-07,Morning,3,3,24.0,0.0,14.5,348.0
LBR-801892,WH-SHJ-01,2026-03-07,Evening,3,4,32.0,0.0,14.5,464.0
LBR-801893,WH-SHJ-01,2026-03-07,Night,3,4,32.0,0.0,14.5,464.0
LBR-801894,WH-DWC-01,2026-03-07,Morning,7,6,48.0,0.0,14.5,696.0
LBR-801895,WH-DWC-01,2026-03-07,Evening,7,7,56.0,1.5,14.5,844.62
LBR-801896,WH-DWC-01,2026-03-07,Night,7,7,56.0,0.0,14.5,812.0
LBR-801897,WH-DXB-01,2026-03-08,Morning,18,19,152.0,0.0,14.5,2204.0
LBR-801898,WH-DXB-01,2026-03-08,Evening,18,18,144.0,0.0,14.5,2088.0
LBR-801899,WH-DXB-01,2026-03-08,Night,18,17,136.0,2.0,14.5,2015.5
LBR-801900,WH-AUH-01,2026-03-08,Morning,8,8,64.0,0.0,14.5,928.0
LBR-801901,WH-AUH-01,2026-03-08,Evening,8,9,72.0,0.0,14.5,1044.0
LBR-801902,WH-AUH-01,2026-03-08,Night,8,7,56.0,0.0,14.5,812.0
LBR-801903,WH-SHJ-01,2026-03-08,Morning,6,6,48.0,1.5,14.5,728.62
LBR-801904,WH-SHJ-01,2026-03-08,Evening,6,5,40.0,1.5,14.5,612.62
LBR-801905,WH-SHJ-01,2026-03-08,Night,6,6,48.0,1.5,14.5,728.62
LBR-801906,WH-DWC-01,2026-03-08,Morning,12,11,88.0,0.0,14.5,1276.0
LBR-801907,WH-DWC-01,2026-03-08,Evening,12,12,96.0,1.5,14.5,1424.62
LBR-801908,WH-DWC-01,2026-03-08,Night,12,11,88.0,0.0,14.5,1276.0
LBR-801909,WH-DXB-01,2026-03-09,Morning,18,18,144.0,1.5,14.5,2120.62
LBR-801910,WH-DXB-01,2026-03-09,Evening,18,17,136.0,1.5,14.5,2004.62
LBR-801911,WH-DXB-01,2026-03-09,Night,18,17,136.0,1.5,14.5,2004.62
LBR-801912,WH-AUH-01,2026-03-09,Morning,8,7,56.0,2.0,14.5,855.5
LBR-801913,WH-AUH-01,2026-03-09,Evening,8,7,56.0,2.0,14.5,855.5
LBR-801914,WH-AUH-01,2026-03-09,Night,8,7,56.0,0.0,14.5,812.0
LBR-801915,WH-SHJ-01,2026-03-09,Morning,6,6,48.0,2.0,14.5,739.5
LBR-801916,WH-SHJ-01,2026-03-09,Evening,6,6,48.0,1.5,14.5,728.62
LBR-801917,WH-SHJ-01,2026-03-09,Night,6,6,48.0,0.0,14.5,696.0
LBR-801918,WH-DWC-01,2026-03-09,Morning,12,12,96.0,2.0,14.5,1435.5
LBR-801919,WH-DWC-01,2026-03-09,Evening,12,12,96.0,0.0,14.5,1392.0
LBR-801920,WH-DWC-01,2026-03-09,Night,12,12,96.0,0.0,14.5,1392.0
LBR-801921,WH-DXB-01,2026-03-10,Morning,18,19,152.0,0.0,14.5,2204.0
LBR-801922,WH-DXB-01,2026-03-10,Evening,18,19,152.0,2.0,14.5,2247.5
LBR-801923,WH-DXB-01,2026-03-10,Night,18,17,136.0,1.5,14.5,2004.62
LBR-801924,WH-AUH-01,2026-03-10,Morning,8,8,64.0,1.5,14.5,960.62
LBR-801925,WH-AUH-01,2026-03-10,Evening,8,8,64.0,0.0,14.5,928.0
LBR-801926,WH-AUH-01,2026-03-10,Night,8,7,56.0,0.0,14.5,812.0
LBR-801927,WH-SHJ-01,2026-03-10,Morning,6,5,40.0,1.5,14.5,612.62
LBR-801928,WH-SHJ-01,2026-03-10,Evening,6,6,48.0,0.0,14.5,696.0
LBR-801929,WH-SHJ-01,2026-03-10,Night,6,7,56.0,0.0,14.5,812.0
LBR-801930,WH-DWC-01,2026-03-10,Morning,12,11,88.0,0.0,14.5,1276.0
LBR-801931,WH-DWC-01,2026-03-10,Evening,12,12,96.0,0.0,14.5,1392.0
LBR-801932,WH-DWC-01,2026-03-10,Night,12,12,96.0,0.0,14.5,1392.0
LBR-801933,WH-DXB-01,2026-03-11,Morning,18,19,152.0,1.5,14.5,2236.62
LBR-801934,WH-DXB-01,2026-03-11,Evening,18,18,144.0,2.0,14.5,2131.5
LBR-801935,WH-DXB-01,2026-03-11,Night,18,18,144.0,1.5,14.5,2120.62
LBR-801936,WH-AUH-01,2026-03-11,Morning,8,8,64.0,2.0,14.5,971.5
LBR-801937,WH-AUH-01,2026-03-11,Evening,8,8,64.0,1.5,14.5,960.62
LBR-801938,WH-AUH-01,2026-03-11,Night,8,8,64.0,1.5,14.5,960.62
LBR-801939,WH-SHJ-01,2026-03-11,Morning,6,7,56.0,1.5,14.5,844.62
LBR-801940,WH-SHJ-01,2026-03-11,Evening,6,6,48.0,0.0,14.5,696.0
LBR-801941,WH-SHJ-01,2026-03-11,Night,6,6,48.0,1.5,14.5,728.62
LBR-801942,WH-DWC-01,2026-03-11,Morning,12,13,104.0,1.5,14.5,1540.62
LBR-801943,WH-DWC-01,2026-03-11,Evening,12,13,104.0,0.0,14.5,1508.0
LBR-801944,WH-DWC-01,2026-03-11,Night,12,12,96.0,1.5,14.5,1424.62
LBR-801945,WH-DXB-01,2026-03-12,Morning,18,17,136.0,0.0,14.5,1972.0
LBR-801946,WH-DXB-01,2026-03-12,Evening,18,19,152.0,0.0,14.5,2204.0
LBR-801947,WH-DXB-01,2026-03-12,Night,18,18,144.0,0.0,14.5,2088.0
LBR-801948,WH-AUH-01,2026-03-12,Morning,8,9,72.0,0.0,14.5,1044.0
LBR-801949,WH-AUH-01,2026-03-12,Evening,8,8,64.0,1.5,14.5,960.62
LBR-801950,WH-AUH-01,2026-03-12,Night,8,8,64.0,0.0,14.5,928.0
LBR-801951,WH-SHJ-01,2026-03-12,Morning,6,6,48.0,1.5,14.5,728.62
LBR-801952,WH-SHJ-01,2026-03-12,Evening,6,6,48.0,1.5,14.5,728.62
LBR-801953,WH-SHJ-01,2026-03-12,Night,6,6,48.0,2.0,14.5,739.5
LBR-801954,WH-DWC-01,2026-03-12,Morning,12,12,96.0,2.0,14.5,1435.5
LBR-801955,WH-DWC-01,2026-03-12,Evening,12,11,88.0,2.0,14.5,1319.5
LBR-801956,WH-DWC-01,2026-03-12,Night,12,12,96.0,1.5,14.5,1424.62
LBR-801957,WH-DXB-01,2026-03-13,Morning,10,11,88.0,2.0,14.5,1319.5
LBR-801958,WH-DXB-01,2026-03-13,Evening,10,10,80.0,2.0,14.5,1203.5
LBR-801959,WH-DXB-01,2026-03-13,Night,10,11,88.0,0.0,14.5,1276.0
LBR-801960,WH-AUH-01,2026-03-13,Morning,4,4,32.0,0.0,14.5,464.0
LBR-801961,WH-AUH-01,2026-03-13,Evening,4,4,32.0,2.0,14.5,507.5
LBR-801962,WH-AUH-01,2026-03-13,Night,4,4,32.0,1.5,14.5,496.62
LBR-801963,WH-SHJ-01,2026-03-13,Morning,3,3,24.0,0.0,14.5,348.0
LBR-801964,WH-SHJ-01,2026-03-13,Evening,3,4,32.0,0.0,14.5,464.0
LBR-801965,WH-SHJ-01,2026-03-13,Night,3,3,24.0,0.0,14.5,348.0
LBR-801966,WH-DWC-01,2026-03-13,Morning,7,7,56.0,0.0,14.5,812.0
LBR-801967,WH-DWC-01,2026-03-13,Evening,7,7,56.0,1.5,14.5,844.62
LBR-801968,WH-DWC-01,2026-03-13,Night,7,7,56.0,0.0,14.5,812.0
LBR-801969,WH-DXB-01,2026-03-14,Morning,10,10,80.0,0.0,14.5,1160.0
LBR-801970,WH-DXB-01,2026-03-14,Evening,10,10,80.0,0.0,14.5,1160.0
LBR-801971,WH-DXB-01,2026-03-14,Night,10,9,72.0,1.5,14.5,1076.62
LBR-801972,WH-AUH-01,2026-03-14,Morning,4,5,40.0,0.0,14.5,580.0
LBR-801973,WH-AUH-01,2026-03-14,Evening,4,5,40.0,0.0,14.5,580.0
LBR-801974,WH-AUH-01,2026-03-14,Night,4,4,32.0,0.0,14.5,464.0
LBR-801975,WH-SHJ-01,2026-03-14,Morning,3,2,16.0,0.0,14.5,232.0
LBR-801976,WH-SHJ-01,2026-03-14,Evening,3,4,32.0,0.0,14.5,464.0
LBR-801977,WH-SHJ-01,2026-03-14,Night,3,2,16.0,2.0,14.5,275.5
LBR-801978,WH-DWC-01,2026-03-14,Morning,7,8,64.0,0.0,14.5,928.0
LBR-801979,WH-DWC-01,2026-03-14,Evening,7,7,56.0,1.5,14.5,844.62
LBR-801980,WH-DWC-01,2026-03-14,Night,7,7,56.0,0.0,14.5,812.0
LBR-801981,WH-DXB-01,2026-03-15,Morning,18,18,144.0,0.0,14.5,2088.0
LBR-801982,WH-DXB-01,2026-03-15,Evening,18,18,144.0,0.0,14.5,2088.0
LBR-801983,WH-DXB-01,2026-03-15,Night,18,18,144.0,1.5,14.5,2120.62
LBR-801984,WH-AUH-01,2026-03-15,Morning,8,9,72.0,0.0,14.5,1044.0
LBR-801985,WH-AUH-01,2026-03-15,Evening,8,7,56.0,0.0,14.5,812.0
LBR-801986,WH-AUH-01,2026-03-15,Night,8,9,72.0,2.0,14.5,1087.5
LBR-801987,WH-SHJ-01,2026-03-15,Morning,6,6,48.0,1.5,14.5,728.62
LBR-801988,WH-SHJ-01,2026-03-15,Evening,6,7,56.0,2.0,14.5,855.5
LBR-801989,WH-SHJ-01,2026-03-15,Night,6,5,40.0,0.0,14.5,580.0
LBR-801990,WH-DWC-01,2026-03-15,Morning,12,11,88.0,0.0,14.5,1276.0
LBR-801991,WH-DWC-01,2026-03-15,Evening,12,11,88.0,1.5,14.5,1308.62
LBR-801992,WH-DWC-01,2026-03-15,Night,12,12,96.0,0.0,14.5,1392.0
LBR-801993,WH-DXB-01,2026-03-16,Morning,18,19,152.0,0.0,14.5,2204.0
LBR-801994,WH-DXB-01,2026-03-16,Evening,18,19,152.0,0.0,14.5,2204.0
LBR-801995,WH-DXB-01,2026-03-16,Night,18,17,136.0,0.0,14.5,1972.0
LBR-801996,WH-AUH-01,2026-03-16,Morning,8,8,64.0,0.0,14.5,928.0
LBR-801997,WH-AUH-01,2026-03-16,Evening,8,7,56.0,2.0,14.5,855.5
LBR-801998,WH-AUH-01,2026-03-16,Night,8,8,64.0,1.5,14.5,960.62
LBR-801999,WH-SHJ-01,2026-03-16,Morning,6,6,48.0,1.5,14.5,728.62
LBR-802000,WH-SHJ-01,2026-03-16,Evening,6,7,56.0,0.0,14.5,812.0
LBR-802001,WH-SHJ-01,2026-03-16,Night,6,6,48.0,2.0,14.5,739.5
LBR-802002,WH-DWC-01,2026-03-16,Morning,12,12,96.0,2.0,14.5,1435.5
LBR-802003,WH-DWC-01,2026-03-16,Evening,12,12,96.0,2.0,14.5,1435.5
LBR-802004,WH-DWC-01,2026-03-16,Night,12,11,88.0,1.5,14.5,1308.62
LBR-802005,WH-DXB-01,2026-03-17,Morning,18,19,152.0,2.0,14.5,2247.5
LBR-802006,WH-DXB-01,2026-03-17,Evening,18,18,144.0,2.0,14.5,2131.5
LBR-802007,WH-DXB-01,2026-03-17,Night,18,18,144.0,0.0,14.5,2088.0
LBR-802008,WH-AUH-01,2026-03-17,Morning,8,8,64.0,0.0,14.5,928.0
LBR-802009,WH-AUH-01,2026-03-17,Evening,8,8,64.0,0.0,14.5,928.0
LBR-802010,WH-AUH-01,2026-03-17,Night,8,9,72.0,1.5,14.5,1076.62
LBR-802011,WH-SHJ-01,2026-03-17,Morning,6,7,56.0,0.0,14.5,812.0
LBR-802012,WH-SHJ-01,2026-03-17,Evening,6,5,40.0,2.0,14.5,623.5
LBR-802013,WH-SHJ-01,2026-03-17,Night,6,6,48.0,0.0,14.5,696.0
LBR-802014,WH-DWC-01,2026-03-17,Morning,12,12,96.0,0.0,14.5,1392.0
LBR-802015,WH-DWC-01,2026-03-17,Evening,12,12,96.0,1.5,14.5,1424.62
LBR-802016,WH-DWC-01,2026-03-17,Night,12,12,96.0,0.0,14.5,1392.0
LBR-802017,WH-DXB-01,2026-03-18,Morning,18,17,136.0,1.5,14.5,2004.62
LBR-802018,WH-DXB-01,2026-03-18,Evening,18,18,144.0,1.5,14.5,2120.62
LBR-802019,WH-DXB-01,2026-03-18,Night,18,17,136.0,0.0,14.5,1972.0
LBR-802020,WH-AUH-01,2026-03-18,Morning,8,8,64.0,0.0,14.5,928.0
LBR-802021,WH-AUH-01,2026-03-18,Evening,8,8,64.0,0.0,14.5,928.0
LBR-802022,WH-AUH-01,2026-03-18,Night,8,8,64.0,1.5,14.5,960.62
LBR-802023,WH-SHJ-01,2026-03-18,Morning,6,6,48.0,2.0,14.5,739.5
LBR-802024,WH-SHJ-01,2026-03-18,Evening,6,5,40.0,2.0,14.5,623.5
LBR-802025,WH-SHJ-01,2026-03-18,Night,6,5,40.0,2.0,14.5,623.5
LBR-802026,WH-DWC-01,2026-03-18,Morning,12,12,96.0,0.0,14.5,1392.0
LBR-802027,WH-DWC-01,2026-03-18,Evening,12,12,96.0,2.0,14.5,1435.5
LBR-802028,WH-DWC-01,2026-03-18,Night,12,12,96.0,0.0,14.5,1392.0
LBR-802029,WH-DXB-01,2026-03-19,Morning,18,17,136.0,0.0,14.5,1972.0
LBR-802030,WH-DXB-01,2026-03-19,Evening,18,17,136.0,1.5,14.5,2004.62
LBR-802031,WH-DXB-01,2026-03-19,Night,18,17,136.0,1.5,14.5,2004.62
LBR-802032,WH-AUH-01,2026-03-19,Morning,8,8,64.0,0.0,14.5,928.0
LBR-802033,WH-AUH-01,2026-03-19,Evening,8,8,64.0,2.0,14.5,971.5
LBR-802034,WH-AUH-01,2026-03-19,Night,8,8,64.0,0.0,14.5,928.0
LBR-802035,WH-SHJ-01,2026-03-19,Morning,6,6,48.0,0.0,14.5,696.0
LBR-802036,WH-SHJ-01,2026-03-19,Evening,6,7,56.0,1.5,14.5,844.62
LBR-802037,WH-SHJ-01,2026-03-19,Night,6,6,48.0,2.0,14.5,739.5
LBR-802038,WH-DWC-01,2026-03-19,Morning,12,12,96.0,1.5,14.5,1424.62
LBR-802039,WH-DWC-01,2026-03-19,Evening,12,12,96.0,1.5,14.5,1424.62
LBR-802040,WH-DWC-01,2026-03-19,Night,12,12,96.0,2.0,14.5,1435.5
LBR-802041,WH-DXB-01,2026-03-20,Morning,10,10,80.0,0.0,14.5,1160.0
LBR-802042,WH-DXB-01,2026-03-20,Evening,10,10,80.0,2.0,14.5,1203.5
LBR-802043,WH-DXB-01,2026-03-20,Night,10,10,80.0,0.0,14.5,1160.0
LBR-802044,WH-AUH-01,2026-03-20,Morning,4,4,32.0,0.0,14.5,464.0
LBR-802045,WH-AUH-01,2026-03-20,Evening,4,3,24.0,2.0,14.5,391.5
LBR-802046,WH-AUH-01,2026-03-20,Night,4,3,24.0,1.5,14.5,380.62
LBR-802047,WH-SHJ-01,2026-03-20,Morning,3,4,32.0,1.5,14.5,496.62
LBR-802048,WH-SHJ-01,2026-03-20,Evening,3,3,24.0,1.5,14.5,380.62
LBR-802049,WH-SHJ-01,2026-03-20,Night,3,2,16.0,0.0,14.5,232.0
LBR-802050,WH-DWC-01,2026-03-20,Morning,7,7,56.0,2.0,14.5,855.5
LBR-802051,WH-DWC-01,2026-03-20,Evening,7,7,56.0,1.5,14.5,844.62
LBR-802052,WH-DWC-01,2026-03-20,Night,7,7,56.0,2.0,14.5,855.5
LBR-802053,WH-DXB-01,2026-03-21,Morning,10,10,80.0,2.0,14.5,1203.5
LBR-802054,WH-DXB-01,2026-03-21,Evening,10,10,80.0,0.0,14.5,1160.0
LBR-802055,WH-DXB-01,2026-03-21,Night,10,9,72.0,0.0,14.5,1044.0
LBR-802056,WH-AUH-01,2026-03-21,Morning,4,5,40.0,2.0,14.5,623.5
LBR-802057,WH-AUH-01,2026-03-21,Evening,4,5,40.0,2.0,14.5,623.5
LBR-802058,WH-AUH-01,2026-03-21,Night,4,4,32.0,0.0,14.5,464.0
LBR-802059,WH-SHJ-01,2026-03-21,Morning,3,4,32.0,0.0,14.5,464.0
LBR-802060,WH-SHJ-01,2026-03-21,Evening,3,3,24.0,0.0,14.5,348.0
LBR-802061,WH-SHJ-01,2026-03-21,Night,3,3,24.0,0.0,14.5,348.0
LBR-802062,WH-DWC-01,2026-03-21,Morning,7,6,48.0,1.5,14.5,728.62
LBR-802063,WH-DWC-01,2026-03-21,Evening,7,8,64.0,1.5,14.5,960.62
LBR-802064,WH-DWC-01,2026-03-21,Night,7,7,56.0,0.0,14.5,812.0
LBR-802065,WH-DXB-01,2026-03-22,Morning,18,17,136.0,0.0,14.5,1972.0
LBR-802066,WH-DXB-01,2026-03-22,Evening,18,19,152.0,0.0,14.5,2204.0
LBR-802067,WH-DXB-01,2026-03-22,Night,18,17,136.0,1.5,14.5,2004.62
LBR-802068,WH-AUH-01,2026-03-22,Morning,8,7,56.0,1.5,14.5,844.62
LBR-802069,WH-AUH-01,2026-03-22,Evening,8,8,64.0,1.5,14.5,960.62
LBR-802070,WH-AUH-01,2026-03-22,Night,8,9,72.0,0.0,14.5,1044.0
LBR-802071,WH-SHJ-01,2026-03-22,Morning,6,6,48.0,0.0,14.5,696.0
LBR-802072,WH-SHJ-01,2026-03-22,Evening,6,5,40.0,0.0,14.5,580.0
LBR-802073,WH-SHJ-01,2026-03-22,Night,6,7,56.0,1.5,14.5,844.62
LBR-802074,WH-DWC-01,2026-03-22,Morning,12,11,88.0,2.0,14.5,1319.5
LBR-802075,WH-DWC-01,2026-03-22,Evening,12,11,88.0,0.0,14.5,1276.0
LBR-802076,WH-DWC-01,2026-03-22,Night,12,13,104.0,0.0,14.5,1508.0
LBR-802077,WH-DXB-01,2026-03-23,Morning,18,19,152.0,0.0,14.5,2204.0
LBR-802078,WH-DXB-01,2026-03-23,Evening,18,19,152.0,2.0,14.5,2247.5
LBR-802079,WH-DXB-01,2026-03-23,Night,18,17,136.0,0.0,14.5,1972.0
LBR-802080,WH-AUH-01,2026-03-23,Morning,8,9,72.0,1.5,14.5,1076.62
LBR-802081,WH-AUH-01,2026-03-23,Evening,8,9,72.0,0.0,14.5,1044.0
LBR-802082,WH-AUH-01,2026-03-23,Night,8,8,64.0,1.5,14.5,960.62
LBR-802083,WH-SHJ-01,2026-03-23,Morning,6,6,48.0,0.0,14.5,696.0
LBR-802084,WH-SHJ-01,2026-03-23,Evening,6,6,48.0,1.5,14.5,728.62
LBR-802085,WH-SHJ-01,2026-03-23,Night,6,5,40.0,0.0,14.5,580.0
LBR-802086,WH-DWC-01,2026-03-23,Morning,12,11,88.0,2.0,14.5,1319.5
LBR-802087,WH-DWC-01,2026-03-23,Evening,12,12,96.0,2.0,14.5,1435.5
LBR-802088,WH-DWC-01,2026-03-23,Night,12,12,96.0,0.0,14.5,1392.0
LBR-802089,WH-DXB-01,2026-03-24,Morning,18,17,136.0,1.5,14.5,2004.62
LBR-802090,WH-DXB-01,2026-03-24,Evening,18,18,144.0,0.0,14.5,2088.0
LBR-802091,WH-DXB-01,2026-03-24,Night,18,19,152.0,0.0,14.5,2204.0
LBR-802092,WH-AUH-01,2026-03-24,Morning,8,8,64.0,0.0,14.5,928.0
LBR-802093,WH-AUH-01,2026-03-24,Evening,8,8,64.0,2.0,14.5,971.5
LBR-802094,WH-AUH-01,2026-03-24,Night,8,7,56.0,0.0,14.5,812.0
LBR-802095,WH-SHJ-01,2026-03-24,Morning,6,6,48.0,0.0,14.5,696.0
LBR-802096,WH-SHJ-01,2026-03-24,Evening,6,7,56.0,0.0,14.5,812.0
LBR-802097,WH-SHJ-01,2026-03-24,Night,6,6,48.0,0.0,14.5,696.0
LBR-802098,WH-DWC-01,2026-03-24,Morning,12,13,104.0,1.5,14.5,1540.62
LBR-802099,WH-DWC-01,2026-03-24,Evening,12,12,96.0,0.0,14.5,1392.0
LBR-802100,WH-DWC-01,2026-03-24,Night,12,13,104.0,2.0,14.5,1551.5
LBR-802101,WH-DXB-01,2026-03-25,Morning,18,18,144.0,2.0,14.5,2131.5
LBR-802102,WH-DXB-01,2026-03-25,Evening,18,18,144.0,1.5,14.5,2120.62
LBR-802103,WH-DXB-01,2026-03-25,Night,18,17,136.0,1.5,14.5,2004.62
LBR-802104,WH-AUH-01,2026-03-25,Morning,8,7,56.0,0.0,14.5,812.0
LBR-802105,WH-AUH-01,2026-03-25,Evening,8,8,64.0,0.0,14.5,928.0
LBR-802106,WH-AUH-01,2026-03-25,Night,8,8,64.0,1.5,14.5,960.62
LBR-802107,WH-SHJ-01,2026-03-25,Morning,6,6,48.0,2.0,14.5,739.5
LBR-802108,WH-SHJ-01,2026-03-25,Evening,6,7,56.0,1.5,14.5,844.62
LBR-802109,WH-SHJ-01,2026-03-25,Night,6,6,48.0,0.0,14.5,696.0
LBR-802110,WH-DWC-01,2026-03-25,Morning,12,11,88.0,0.0,14.5,1276.0
LBR-802111,WH-DWC-01,2026-03-25,Evening,12,12,96.0,0.0,14.5,1392.0
LBR-802112,WH-DWC-01,2026-03-25,Night,12,12,96.0,0.0,14.5,1392.0
LBR-802113,WH-DXB-01,2026-03-26,Morning,18,18,144.0,2.0,14.5,2131.5
LBR-802114,WH-DXB-01,2026-03-26,Evening,18,17,136.0,0.0,14.5,1972.0
LBR-802115,WH-DXB-01,2026-03-26,Night,18,17,136.0,0.0,14.5,1972.0
LBR-802116,WH-AUH-01,2026-03-26,Morning,8,8,64.0,0.0,14.5,928.0
LBR-802117,WH-AUH-01,2026-03-26,Evening,8,7,56.0,0.0,14.5,812.0
LBR-802118,WH-AUH-01,2026-03-26,Night,8,8,64.0,0.0,14.5,928.0
LBR-802119,WH-SHJ-01,2026-03-26,Morning,6,5,40.0,2.0,14.5,623.5
LBR-802120,WH-SHJ-01,2026-03-26,Evening,6,6,48.0,0.0,14.5,696.0
LBR-802121,WH-SHJ-01,2026-03-26,Night,6,5,40.0,1.5,14.5,612.62
LBR-802122,WH-DWC-01,2026-03-26,Morning,12,13,104.0,2.0,14.5,1551.5
LBR-802123,WH-DWC-01,2026-03-26,Evening,12,12,96.0,1.5,14.5,1424.62
LBR-802124,WH-DWC-01,2026-03-26,Night,12,12,96.0,2.0,14.5,1435.5
LBR-802125,WH-DXB-01,2026-03-27,Morning,10,11,88.0,0.0,14.5,1276.0
LBR-802126,WH-DXB-01,2026-03-27,Evening,10,11,88.0,2.0,14.5,1319.5
LBR-802127,WH-DXB-01,2026-03-27,Night,10,9,72.0,0.0,14.5,1044.0
LBR-802128,WH-AUH-01,2026-03-27,Morning,4,3,24.0,2.0,14.5,391.5
LBR-802129,WH-AUH-01,2026-03-27,Evening,4,5,40.0,2.0,14.5,623.5
LBR-802130,WH-AUH-01,2026-03-27,Night,4,3,24.0,0.0,14.5,348.0
LBR-802131,WH-SHJ-01,2026-03-27,Morning,3,2,16.0,0.0,14.5,232.0
LBR-802132,WH-SHJ-01,2026-03-27,Evening,3,3,24.0,2.0,14.5,391.5
LBR-802133,WH-SHJ-01,2026-03-27,Night,3,4,32.0,0.0,14.5,464.0
LBR-802134,WH-DWC-01,2026-03-27,Morning,7,8,64.0,2.0,14.5,971.5
LBR-802135,WH-DWC-01,2026-03-27,Evening,7,6,48.0,2.0,14.5,739.5
LBR-802136,WH-DWC-01,2026-03-27,Night,7,7,56.0,2.0,14.5,855.5
LBR-802137,WH-DXB-01,2026-03-28,Morning,10,11,88.0,2.0,14.5,1319.5
LBR-802138,WH-DXB-01,2026-03-28,Evening,10,11,88.0,0.0,14.5,1276.0
LBR-802139,WH-DXB-01,2026-03-28,Night,10,9,72.0,1.5,14.5,1076.62
LBR-802140,WH-AUH-01,2026-03-28,Morning,4,3,24.0,0.0,14.5,348.0
LBR-802141,WH-AUH-01,2026-03-28,Evening,4,3,24.0,0.0,14.5,348.0
LBR-802142,WH-AUH-01,2026-03-28,Night,4,3,24.0,2.0,14.5,391.5
LBR-802143,WH-SHJ-01,2026-03-28,Morning,3,2,16.0,0.0,14.5,232.0
LBR-802144,WH-SHJ-01,2026-03-28,Evening,3,3,24.0,1.5,14.5,380.62
LBR-802145,WH-SHJ-01,2026-03-28,Night,3,4,32.0,2.0,14.5,507.5
LBR-802146,WH-DWC-01,2026-03-28,Morning,7,8,64.0,0.0,14.5,928.0
LBR-802147,WH-DWC-01,2026-03-28,Evening,7,7,56.0,0.0,14.5,812.0
LBR-802148,WH-DWC-01,2026-03-28,Night,7,7,56.0,0.0,14.5,812.0
LBR-802149,WH-DXB-01,2026-03-29,Morning,18,17,136.0,1.5,14.5,2004.62
LBR-802150,WH-DXB-01,2026-03-29,Evening,18,17,136.0,1.5,14.5,2004.62
LBR-802151,WH-DXB-01,2026-03-29,Night,18,18,144.0,0.0,14.5,2088.0
LBR-802152,WH-AUH-01,2026-03-29,Morning,8,8,64.0,0.0,14.5,928.0
LBR-802153,WH-AUH-01,2026-03-29,Evening,8,7,56.0,1.5,14.5,844.62
LBR-802154,WH-AUH-01,2026-03-29,Night,8,7,56.0,0.0,14.5,812.0
LBR-802155,WH-SHJ-01,2026-03-29,Morning,6,5,40.0,1.5,14.5,612.62
LBR-802156,WH-SHJ-01,2026-03-29,Evening,6,6,48.0,0.0,14.5,696.0
LBR-802157,WH-SHJ-01,2026-03-29,Night,6,7,56.0,0.0,14.5,812.0
LBR-802158,WH-DWC-01,2026-03-29,Morning,12,13,104.0,0.0,14.5,1508.0
LBR-802159,WH-DWC-01,2026-03-29,Evening,12,11,88.0,1.5,14.5,1308.62
LBR-802160,WH-DWC-01,2026-03-29,Night,12,11,88.0,0.0,14.5,1276.0
LBR-802161,WH-DXB-01,2026-03-30,Morning,18,17,136.0,0.0,14.5,1972.0
LBR-802162,WH-DXB-01,2026-03-30,Evening,18,18,144.0,1.5,14.5,2120.62
LBR-802163,WH-DXB-01,2026-03-30,Night,18,17,136.0,1.5,14.5,2004.62
LBR-802164,WH-AUH-01,2026-03-30,Morning,8,7,56.0,2.0,14.5,855.5
LBR-802165,WH-AUH-01,2026-03-30,Evening,8,9,72.0,1.5,14.5,1076.62
LBR-802166,WH-AUH-01,2026-03-30,Night,8,7,56.0,0.0,14.5,812.0
LBR-802167,WH-SHJ-01,2026-03-30,Morning,6,7,56.0,1.5,14.5,844.62
LBR-802168,WH-SHJ-01,2026-03-30,Evening,6,7,56.0,0.0,14.5,812.0
LBR-802169,WH-SHJ-01,2026-03-30,Night,6,7,56.0,0.0,14.5,812.0
LBR-802170,WH-DWC-01,2026-03-30,Morning,12,13,104.0,2.0,14.5,1551.5
LBR-802171,WH-DWC-01,2026-03-30,Evening,12,12,96.0,0.0,14.5,1392.0
LBR-802172,WH-DWC-01,2026-03-30,Night,12,12,96.0,1.5,14.5,1424.62
LBR-802173,WH-DXB-01,2026-03-31,Morning,18,18,144.0,0.0,14.5,2088.0
LBR-802174,WH-DXB-01,2026-03-31,Evening,18,18,144.0,0.0,14.5,2088.0
LBR-802175,WH-DXB-01,2026-03-31,Night,18,19,152.0,0.0,14.5,2204.0
LBR-802176,WH-AUH-01,2026-03-31,Morning,8,8,64.0,0.0,14.5,928.0
LBR-802177,WH-AUH-01,2026-03-31,Evening,8,8,64.0,0.0,14.5,928.0
LBR-802178,WH-AUH-01,2026-03-31,Night,8,7,56.0,1.5,14.5,844.62
LBR-802179,WH-SHJ-01,2026-03-31,Morning,6,6,48.0,0.0,14.5,696.0
LBR-802180,WH-SHJ-01,2026-03-31,Evening,6,5,40.0,0.0,14.5,580.0
LBR-802181,WH-SHJ-01,2026-03-31,Night,6,6,48.0,2.0,14.5,739.5
LBR-802182,WH-DWC-01,2026-03-31,Morning,12,12,96.0,2.0,14.5,1435.5
LBR-802183,WH-DWC-01,2026-03-31,Evening,12,11,88.0,0.0,14.5,1276.0
LBR-802184,WH-DWC-01,2026-03-31,Night,12,12,96.0,0.0,14.5,1392.0
LBR-802185,WH-DXB-01,2026-04-01,Morning,18,18,144.0,0.0,14.5,2088.0
LBR-802186,WH-DXB-01,2026-04-01,Evening,18,18,144.0,2.0,14.5,2131.5
LBR-802187,WH-DXB-01,2026-04-01,Night,18,17,136.0,1.5,14.5,2004.62
LBR-802188,WH-AUH-01,2026-04-01,Morning,8,8,64.0,0.0,14.5,928.0
LBR-802189,WH-AUH-01,2026-04-01,Evening,8,9,72.0,0.0,14.5,1044.0
LBR-802190,WH-AUH-01,2026-04-01,Night,8,7,56.0,1.5,14.5,844.62
LBR-802191,WH-SHJ-01,2026-04-01,Morning,6,6,48.0,0.0,14.5,696.0
LBR-802192,WH-SHJ-01,2026-04-01,Evening,6,7,56.0,0.0,14.5,812.0
LBR-802193,WH-SHJ-01,2026-04-01,Night,6,6,48.0,1.5,14.5,728.62
LBR-802194,WH-DWC-01,2026-04-01,Morning,12,13,104.0,2.0,14.5,1551.5
LBR-802195,WH-DWC-01,2026-04-01,Evening,12,11,88.0,0.0,14.5,1276.0
LBR-802196,WH-DWC-01,2026-04-01,Night,12,13,104.0,1.5,14.5,1540.62
LBR-802197,WH-DXB-01,2026-04-02,Morning,18,18,144.0,1.5,14.5,2120.62
LBR-802198,WH-DXB-01,2026-04-02,Evening,18,19,152.0,0.0,14.5,2204.0
LBR-802199,WH-DXB-01,2026-04-02,Night,18,19,152.0,0.0,14.5,2204.0
LBR-802200,WH-AUH-01,2026-04-02,Morning,8,8,64.0,0.0,14.5,928.0
LBR-802201,WH-AUH-01,2026-04-02,Evening,8,9,72.0,1.5,14.5,1076.62
LBR-802202,WH-AUH-01,2026-04-02,Night,8,8,64.0,0.0,14.5,928.0
LBR-802203,WH-SHJ-01,2026-04-02,Morning,6,7,56.0,1.5,14.5,844.62
LBR-802204,WH-SHJ-01,2026-04-02,Evening,6,5,40.0,0.0,14.5,580.0
LBR-802205,WH-SHJ-01,2026-04-02,Night,6,6,48.0,1.5,14.5,728.62
LBR-802206,WH-DWC-01,2026-04-02,Morning,12,12,96.0,2.0,14.5,1435.5
LBR-802207,WH-DWC-01,2026-04-02,Evening,12,12,96.0,2.0,14.5,1435.5
LBR-802208,WH-DWC-01,2026-04-02,Night,12,13,104.0,2.0,14.5,1551.5
LBR-802209,WH-DXB-01,2026-04-03,Morning,10,9,72.0,2.0,14.5,1087.5
LBR-802210,WH-DXB-01,2026-04-03,Evening,10,10,80.0,0.0,14.5,1160.0
LBR-802211,WH-DXB-01,2026-04-03,Night,10,9,72.0,1.5,14.5,1076.62
LBR-802212,WH-AUH-01,2026-04-03,Morning,4,4,32.0,0.0,14.5,464.0
LBR-802213,WH-AUH-01,2026-04-03,Evening,4,3,24.0,1.5,14.5,380.62
LBR-802214,WH-AUH-01,2026-04-03,Night,4,3,24.0,1.5,14.5,380.62
LBR-802215,WH-SHJ-01,2026-04-03,Morning,3,2,16.0,0.0,14.5,232.0
LBR-802216,WH-SHJ-01,2026-04-03,Evening,3,3,24.0,2.0,14.5,391.5
LBR-802217,WH-SHJ-01,2026-04-03,Night,3,2,16.0,1.5,14.5,264.62
LBR-802218,WH-DWC-01,2026-04-03,Morning,7,8,64.0,0.0,14.5,928.0
LBR-802219,WH-DWC-01,2026-04-03,Evening,7,8,64.0,0.0,14.5,928.0
LBR-802220,WH-DWC-01,2026-04-03,Night,7,7,56.0,0.0,14.5,812.0
LBR-802221,WH-DXB-01,2026-04-04,Morning,10,10,80.0,2.0,14.5,1203.5
LBR-802222,WH-DXB-01,2026-04-04,Evening,10,10,80.0,2.0,14.5,1203.5
LBR-802223,WH-DXB-01,2026-04-04,Night,10,10,80.0,0.0,14.5,1160.0
LBR-802224,WH-AUH-01,2026-04-04,Morning,4,4,32.0,2.0,14.5,507.5
LBR-802225,WH-AUH-01,2026-04-04,Evening,4,3,24.0,0.0,14.5,348.0
LBR-802226,WH-AUH-01,2026-04-04,Night,4,5,40.0,1.5,14.5,612.62
LBR-802227,WH-SHJ-01,2026-04-04,Morning,3,4,32.0,1.5,14.5,496.62
LBR-802228,WH-SHJ-01,2026-04-04,Evening,3,2,16.0,1.5,14.5,264.62
LBR-802229,WH-SHJ-01,2026-04-04,Night,3,3,24.0,0.0,14.5,348.0
LBR-802230,WH-DWC-01,2026-04-04,Morning,7,7,56.0,0.0,14.5,812.0
LBR-802231,WH-DWC-01,2026-04-04,Evening,7,6,48.0,0.0,14.5,696.0
LBR-802232,WH-DWC-01,2026-04-04,Night,7,7,56.0,1.5,14.5,844.62
LBR-802233,WH-DXB-01,2026-04-05,Morning,18,18,144.0,0.0,14.5,2088.0
LBR-802234,WH-DXB-01,2026-04-05,Evening,18,17,136.0,0.0,14.5,1972.0
LBR-802235,WH-DXB-01,2026-04-05,Night,18,18,144.0,2.0,14.5,2131.5
LBR-802236,WH-AUH-01,2026-04-05,Morning,8,7,56.0,2.0,14.5,855.5
LBR-802237,WH-AUH-01,2026-04-05,Evening,8,7,56.0,2.0,14.5,855.5
LBR-802238,WH-AUH-01,2026-04-05,Night,8,7,56.0,1.5,14.5,844.62
LBR-802239,WH-SHJ-01,2026-04-05,Morning,6,7,56.0,1.5,14.5,844.62
LBR-802240,WH-SHJ-01,2026-04-05,Evening,6,6,48.0,1.5,14.5,728.62
LBR-802241,WH-SHJ-01,2026-04-05,Night,6,5,40.0,1.5,14.5,612.62
LBR-802242,WH-DWC-01,2026-04-05,Morning,12,12,96.0,2.0,14.5,1435.5
LBR-802243,WH-DWC-01,2026-04-05,Evening,12,13,104.0,2.0,14.5,1551.5
LBR-802244,WH-DWC-01,2026-04-05,Night,12,12,96.0,2.0,14.5,1435.5
LBR-802245,WH-DXB-01,2026-04-06,Morning,18,18,144.0,1.5,14.5,2120.62
LBR-802246,WH-DXB-01,2026-04-06,Evening,18,17,136.0,1.5,14.5,2004.62
LBR-802247,WH-DXB-01,2026-04-06,Night,18,17,136.0,1.5,14.5,2004.62
LBR-802248,WH-AUH-01,2026-04-06,Morning,8,9,72.0,0.0,14.5,1044.0
LBR-802249,WH-AUH-01,2026-04-06,Evening,8,8,64.0,2.0,14.5,971.5
LBR-802250,WH-AUH-01,2026-04-06,Night,8,8,64.0,1.5,14.5,960.62
LBR-802251,WH-SHJ-01,2026-04-06,Morning,6,5,40.0,2.0,14.5,623.5
LBR-802252,WH-SHJ-01,2026-04-06,Evening,6,7,56.0,2.0,14.5,855.5
LBR-802253,WH-SHJ-01,2026-04-06,Night,6,7,56.0,1.5,14.5,844.62
LBR-802254,WH-DWC-01,2026-04-06,Morning,12,13,104.0,2.0,14.5,1551.5
LBR-802255,WH-DWC-01,2026-04-06,Evening,12,12,96.0,1.5,14.5,1424.62
LBR-802256,WH-DWC-01,2026-04-06,Night,12,13,104.0,0.0,14.5,1508.0
LBR-802257,WH-DXB-01,2026-04-07,Morning,18,17,136.0,1.5,14.5,2004.62
LBR-802258,WH-DXB-01,2026-04-07,Evening,18,18,144.0,0.0,14.5,2088.0
LBR-802259,WH-DXB-01,2026-04-07,Night,18,19,152.0,0.0,14.5,2204.0
LBR-802260,WH-AUH-01,2026-04-07,Morning,8,9,72.0,1.5,14.5,1076.62
LBR-802261,WH-AUH-01,2026-04-07,Evening,8,9,72.0,0.0,14.5,1044.0
LBR-802262,WH-AUH-01,2026-04-07,Night,8,8,64.0,0.0,14.5,928.0
LBR-802263,WH-SHJ-01,2026-04-07,Morning,6,7,56.0,0.0,14.5,812.0
LBR-802264,WH-SHJ-01,2026-04-07,Evening,6,6,48.0,0.0,14.5,696.0
LBR-802265,WH-SHJ-01,2026-04-07,Night,6,6,48.0,2.0,14.5,739.5
LBR-802266,WH-DWC-01,2026-04-07,Morning,12,13,104.0,2.0,14.5,1551.5
LBR-802267,WH-DWC-01,2026-04-07,Evening,12,12,96.0,0.0,14.5,1392.0
LBR-802268,WH-DWC-01,2026-04-07,Night,12,12,96.0,1.5,14.5,1424.62
LBR-802269,WH-DXB-01,2026-04-08,Morning,18,19,152.0,0.0,14.5,2204.0
LBR-802270,WH-DXB-01,2026-04-08,Evening,18,19,152.0,0.0,14.5,2204.0
LBR-802271,WH-DXB-01,2026-04-08,Night,18,17,136.0,2.0,14.5,2015.5
LBR-802272,WH-AUH-01,2026-04-08,Morning,8,8,64.0,0.0,14.5,928.0
LBR-802273,WH-AUH-01,2026-04-08,Evening,8,8,64.0,1.5,14.5,960.62
LBR-802274,WH-AUH-01,2026-04-08,Night,8,7,56.0,2.0,14.5,855.5
LBR-802275,WH-SHJ-01,2026-04-08,Morning,6,6,48.0,1.5,14.5,728.62
LBR-802276,WH-SHJ-01,2026-04-08,Evening,6,6,48.0,2.0,14.5,739.5
LBR-802277,WH-SHJ-01,2026-04-08,Night,6,5,40.0,1.5,14.5,612.62
LBR-802278,WH-DWC-01,2026-04-08,Morning,12,11,88.0,0.0,14.5,1276.0
LBR-802279,WH-DWC-01,2026-04-08,Evening,12,12,96.0,2.0,14.5,1435.5
LBR-802280,WH-DWC-01,2026-04-08,Night,12,13,104.0,0.0,14.5,1508.0
LBR-802281,WH-DXB-01,2026-04-09,Morning,18,19,152.0,2.0,14.5,2247.5
LBR-802282,WH-DXB-01,2026-04-09,Evening,18,18,144.0,0.0,14.5,2088.0
LBR-802283,WH-DXB-01,2026-04-09,Night,18,19,152.0,0.0,14.5,2204.0
LBR-802284,WH-AUH-01,2026-04-09,Morning,8,7,56.0,0.0,14.5,812.0
LBR-802285,WH-AUH-01,2026-04-09,Evening,8,8,64.0,2.0,14.5,971.5
LBR-802286,WH-AUH-01,2026-04-09,Night,8,9,72.0,0.0,14.5,1044.0
LBR-802287,WH-SHJ-01,2026-04-09,Morning,6,7,56.0,2.0,14.5,855.5
LBR-802288,WH-SHJ-01,2026-04-09,Evening,6,7,56.0,1.5,14.5,844.62
LBR-802289,WH-SHJ-01,2026-04-09,Night,6,6,48.0,1.5,14.5,728.62
LBR-802290,WH-DWC-01,2026-04-09,Morning,12,12,96.0,0.0,14.5,1392.0
LBR-802291,WH-DWC-01,2026-04-09,Evening,12,12,96.0,2.0,14.5,1435.5
LBR-802292,WH-DWC-01,2026-04-09,Night,12,13,104.0,1.5,14.5,1540.62
LBR-802293,WH-DXB-01,2026-04-10,Morning,10,11,88.0,2.0,14.5,1319.5
LBR-802294,WH-DXB-01,2026-04-10,Evening,10,9,72.0,2.0,14.5,1087.5
LBR-802295,WH-DXB-01,2026-04-10,Night,10,10,80.0,0.0,14.5,1160.0
LBR-802296,WH-AUH-01,2026-04-10,Morning,4,5,40.0,2.0,14.5,623.5
LBR-802297,WH-AUH-01,2026-04-10,Evening,4,4,32.0,0.0,14.5,464.0
LBR-802298,WH-AUH-01,2026-04-10,Night,4,4,32.0,2.0,14.5,507.5
LBR-802299,WH-SHJ-01,2026-04-10,Morning,3,2,16.0,0.0,14.5,232.0
LBR-802300,WH-SHJ-01,2026-04-10,Evening,3,4,32.0,1.5,14.5,496.62
LBR-802301,WH-SHJ-01,2026-04-10,Night,3,4,32.0,0.0,14.5,464.0
LBR-802302,WH-DWC-01,2026-04-10,Morning,7,7,56.0,2.0,14.5,855.5
LBR-802303,WH-DWC-01,2026-04-10,Evening,7,7,56.0,1.5,14.5,844.62
LBR-802304,WH-DWC-01,2026-04-10,Night,7,6,48.0,0.0,14.5,696.0
LBR-802305,WH-DXB-01,2026-04-11,Morning,10,11,88.0,2.0,14.5,1319.5
LBR-802306,WH-DXB-01,2026-04-11,Evening,10,9,72.0,2.0,14.5,1087.5
LBR-802307,WH-DXB-01,2026-04-11,Night,10,10,80.0,2.0,14.5,1203.5
LBR-802308,WH-AUH-01,2026-04-11,Morning,4,5,40.0,0.0,14.5,580.0
LBR-802309,WH-AUH-01,2026-04-11,Evening,4,3,24.0,1.5,14.5,380.62
LBR-802310,WH-AUH-01,2026-04-11,Night,4,4,32.0,0.0,14.5,464.0
LBR-802311,WH-SHJ-01,2026-04-11,Morning,3,2,16.0,0.0,14.5,232.0
LBR-802312,WH-SHJ-01,2026-04-11,Evening,3,3,24.0,1.5,14.5,380.62
LBR-802313,WH-SHJ-01,2026-04-11,Night,3,3,24.0,1.5,14.5,380.62
LBR-802314,WH-DWC-01,2026-04-11,Morning,7,7,56.0,0.0,14.5,812.0
LBR-802315,WH-DWC-01,2026-04-11,Evening,7,7,56.0,2.0,14.5,855.5
LBR-802316,WH-DWC-01,2026-04-11,Night,7,6,48.0,0.0,14.5,696.0
LBR-802317,WH-DXB-01,2026-04-12,Morning,18,17,136.0,1.5,14.5,2004.62
LBR-802318,WH-DXB-01,2026-04-12,Evening,18,18,144.0,0.0,14.5,2088.0
LBR-802319,WH-DXB-01,2026-04-12,Night,18,18,144.0,2.0,14.5,2131.5
LBR-802320,WH-AUH-01,2026-04-12,Morning,8,7,56.0,2.0,14.5,855.5
LBR-802321,WH-AUH-01,2026-04-12,Evening,8,9,72.0,0.0,14.5,1044.0
LBR-802322,WH-AUH-01,2026-04-12,Night,8,8,64.0,0.0,14.5,928.0
LBR-802323,WH-SHJ-01,2026-04-12,Morning,6,6,48.0,1.5,14.5,728.62
LBR-802324,WH-SHJ-01,2026-04-12,Evening,6,7,56.0,0.0,14.5,812.0
LBR-802325,WH-SHJ-01,2026-04-12,Night,6,6,48.0,2.0,14.5,739.5
LBR-802326,WH-DWC-01,2026-04-12,Morning,12,11,88.0,0.0,14.5,1276.0
LBR-802327,WH-DWC-01,2026-04-12,Evening,12,11,88.0,2.0,14.5,1319.5
LBR-802328,WH-DWC-01,2026-04-12,Night,12,11,88.0,1.5,14.5,1308.62
LBR-802329,WH-DXB-01,2026-04-13,Morning,18,18,144.0,0.0,14.5,2088.0
LBR-802330,WH-DXB-01,2026-04-13,Evening,18,18,144.0,0.0,14.5,2088.0
LBR-802331,WH-DXB-01,2026-04-13,Night,18,18,144.0,2.0,14.5,2131.5
LBR-802332,WH-AUH-01,2026-04-13,Morning,8,8,64.0,2.0,14.5,971.5
LBR-802333,WH-AUH-01,2026-04-13,Evening,8,9,72.0,0.0,14.5,1044.0
LBR-802334,WH-AUH-01,2026-04-13,Night,8,8,64.0,1.5,14.5,960.62
LBR-802335,WH-SHJ-01,2026-04-13,Morning,6,7,56.0,0.0,14.5,812.0
LBR-802336,WH-SHJ-01,2026-04-13,Evening,6,7,56.0,0.0,14.5,812.0
LBR-802337,WH-SHJ-01,2026-04-13,Night,6,6,48.0,1.5,14.5,728.62
LBR-802338,WH-DWC-01,2026-04-13,Morning,12,12,96.0,2.0,14.5,1435.5
LBR-802339,WH-DWC-01,2026-04-13,Evening,12,11,88.0,1.5,14.5,1308.62
LBR-802340,WH-DWC-01,2026-04-13,Night,12,13,104.0,1.5,14.5,1540.62
LBR-802341,WH-DXB-01,2026-04-14,Morning,18,18,144.0,0.0,14.5,2088.0
LBR-802342,WH-DXB-01,2026-04-14,Evening,18,19,152.0,1.5,14.5,2236.62
LBR-802343,WH-DXB-01,2026-04-14,Night,18,17,136.0,2.0,14.5,2015.5
LBR-802344,WH-AUH-01,2026-04-14,Morning,8,7,56.0,0.0,14.5,812.0
LBR-802345,WH-AUH-01,2026-04-14,Evening,8,8,64.0,0.0,14.5,928.0
LBR-802346,WH-AUH-01,2026-04-14,Night,8,9,72.0,1.5,14.5,1076.62
LBR-802347,WH-SHJ-01,2026-04-14,Morning,6,5,40.0,0.0,14.5,580.0
LBR-802348,WH-SHJ-01,2026-04-14,Evening,6,6,48.0,0.0,14.5,696.0
LBR-802349,WH-SHJ-01,2026-04-14,Night,6,7,56.0,1.5,14.5,844.62
LBR-802350,WH-DWC-01,2026-04-14,Morning,12,12,96.0,0.0,14.5,1392.0
LBR-802351,WH-DWC-01,2026-04-14,Evening,12,13,104.0,2.0,14.5,1551.5
LBR-802352,WH-DWC-01,2026-04-14,Night,12,11,88.0,2.0,14.5,1319.5
LBR-802353,WH-DXB-01,2026-04-15,Morning,18,17,136.0,0.0,14.5,1972.0
LBR-802354,WH-DXB-01,2026-04-15,Evening,18,19,152.0,2.0,14.5,2247.5
LBR-802355,WH-DXB-01,2026-04-15,Night,18,18,144.0,0.0,14.5,2088.0
LBR-802356,WH-AUH-01,2026-04-15,Morning,8,8,64.0,1.5,14.5,960.62
LBR-802357,WH-AUH-01,2026-04-15,Evening,8,8,64.0,0.0,14.5,928.0
LBR-802358,WH-AUH-01,2026-04-15,Night,8,8,64.0,2.0,14.5,971.5
LBR-802359,WH-SHJ-01,2026-04-15,Morning,6,6,48.0,1.5,14.5,728.62
LBR-802360,WH-SHJ-01,2026-04-15,Evening,6,7,56.0,2.0,14.5,855.5
LBR-802361,WH-SHJ-01,2026-04-15,Night,6,6,48.0,0.0,14.5,696.0
LBR-802362,WH-DWC-01,2026-04-15,Morning,12,13,104.0,1.5,14.5,1540.62
LBR-802363,WH-DWC-01,2026-04-15,Evening,12,12,96.0,1.5,14.5,1424.62
LBR-802364,WH-DWC-01,2026-04-15,Night,12,12,96.0,1.5,14.5,1424.62
LBR-802365,WH-DXB-01,2026-04-16,Morning,18,19,152.0,2.0,14.5,2247.5
LBR-802366,WH-DXB-01,2026-04-16,Evening,18,17,136.0,1.5,14.5,2004.62
LBR-802367,WH-DXB-01,2026-04-16,Night,18,19,152.0,0.0,14.5,2204.0
LBR-802368,WH-AUH-01,2026-04-16,Morning,8,8,64.0,1.5,14.5,960.62
LBR-802369,WH-AUH-01,2026-04-16,Evening,8,9,72.0,0.0,14.5,1044.0
LBR-802370,WH-AUH-01,2026-04-16,Night,8,8,64.0,0.0,14.5,928.0
LBR-802371,WH-SHJ-01,2026-04-16,Morning,6,7,56.0,0.0,14.5,812.0
LBR-802372,WH-SHJ-01,2026-04-16,Evening,6,5,40.0,0.0,14.5,580.0
LBR-802373,WH-SHJ-01,2026-04-16,Night,6,7,56.0,0.0,14.5,812.0
LBR-802374,WH-DWC-01,2026-04-16,Morning,12,13,104.0,0.0,14.5,1508.0
LBR-802375,WH-DWC-01,2026-04-16,Evening,12,11,88.0,0.0,14.5,1276.0
LBR-802376,WH-DWC-01,2026-04-16,Night,12,12,96.0,1.5,14.5,1424.62
LBR-802377,WH-DXB-01,2026-04-17,Morning,10,10,80.0,2.0,14.5,1203.5
LBR-802378,WH-DXB-01,2026-04-17,Evening,10,9,72.0,0.0,14.5,1044.0
LBR-802379,WH-DXB-01,2026-04-17,Night,10,10,80.0,1.5,14.5,1192.62
LBR-802380,WH-AUH-01,2026-04-17,Morning,4,4,32.0,0.0,14.5,464.0
LBR-802381,WH-AUH-01,2026-04-17,Evening,4,4,32.0,0.0,14.5,464.0
LBR-802382,WH-AUH-01,2026-04-17,Night,4,4,32.0,0.0,14.5,464.0
LBR-802383,WH-SHJ-01,2026-04-17,Morning,3,4,32.0,0.0,14.5,464.0
LBR-802384,WH-SHJ-01,2026-04-17,Evening,3,2,16.0,1.5,14.5,264.62
LBR-802385,WH-SHJ-01,2026-04-17,Night,3,3,24.0,1.5,14.5,380.62
LBR-802386,WH-DWC-01,2026-04-17,Morning,7,7,56.0,0.0,14.5,812.0
LBR-802387,WH-DWC-01,2026-04-17,Evening,7,8,64.0,0.0,14.5,928.0
LBR-802388,WH-DWC-01,2026-04-17,Night,7,8,64.0,0.0,14.5,928.0
LBR-802389,WH-DXB-01,2026-04-18,Morning,10,9,72.0,0.0,14.5,1044.0
LBR-802390,WH-DXB-01,2026-04-18,Evening,10,11,88.0,0.0,14.5,1276.0
LBR-802391,WH-DXB-01,2026-04-18,Night,10,10,80.0,2.0,14.5,1203.5
LBR-802392,WH-AUH-01,2026-04-18,Morning,4,4,32.0,2.0,14.5,507.5
LBR-802393,WH-AUH-01,2026-04-18,Evening,4,4,32.0,0.0,14.5,464.0
LBR-802394,WH-AUH-01,2026-04-18,Night,4,5,40.0,1.5,14.5,612.62
LBR-802395,WH-SHJ-01,2026-04-18,Morning,3,3,24.0,0.0,14.5,348.0
LBR-802396,WH-SHJ-01,2026-04-18,Evening,3,3,24.0,1.5,14.5,380.62
LBR-802397,WH-SHJ-01,2026-04-18,Night,3,2,16.0,0.0,14.5,232.0
LBR-802398,WH-DWC-01,2026-04-18,Morning,7,8,64.0,0.0,14.5,928.0
LBR-802399,WH-DWC-01,2026-04-18,Evening,7,7,56.0,0.0,14.5,812.0
LBR-802400,WH-DWC-01,2026-04-18,Night,7,6,48.0,0.0,14.5,696.0
LBR-802401,WH-DXB-01,2026-04-19,Morning,18,19,152.0,1.5,14.5,2236.62
LBR-802402,WH-DXB-01,2026-04-19,Evening,18,17,136.0,0.0,14.5,1972.0
LBR-802403,WH-DXB-01,2026-04-19,Night,18,18,144.0,1.5,14.5,2120.62
LBR-802404,WH-AUH-01,2026-04-19,Morning,8,7,56.0,1.5,14.5,844.62
LBR-802405,WH-AUH-01,2026-04-19,Evening,8,8,64.0,0.0,14.5,928.0
LBR-802406,WH-AUH-01,2026-04-19,Night,8,7,56.0,2.0,14.5,855.5
LBR-802407,WH-SHJ-01,2026-04-19,Morning,6,6,48.0,2.0,14.5,739.5
LBR-802408,WH-SHJ-01,2026-04-19,Evening,6,5,40.0,0.0,14.5,580.0
LBR-802409,WH-SHJ-01,2026-04-19,Night,6,7,56.0,0.0,14.5,812.0
LBR-802410,WH-DWC-01,2026-04-19,Morning,12,13,104.0,0.0,14.5,1508.0
LBR-802411,WH-DWC-01,2026-04-19,Evening,12,12,96.0,0.0,14.5,1392.0
LBR-802412,WH-DWC-01,2026-04-19,Night,12,13,104.0,0.0,14.5,1508.0
LBR-802413,WH-DXB-01,2026-04-20,Morning,18,19,152.0,1.5,14.5,2236.62
LBR-802414,WH-DXB-01,2026-04-20,Evening,18,19,152.0,2.0,14.5,2247.5
LBR-802415,WH-DXB-01,2026-04-20,Night,18,19,152.0,0.0,14.5,2204.0
LBR-802416,WH-AUH-01,2026-04-20,Morning,8,8,64.0,0.0,14.5,928.0
LBR-802417,WH-AUH-01,2026-04-20,Evening,8,7,56.0,2.0,14.5,855.5
LBR-802418,WH-AUH-01,2026-04-20,Night,8,8,64.0,2.0,14.5,971.5
LBR-802419,WH-SHJ-01,2026-04-20,Morning,6,6,48.0,1.5,14.5,728.62
LBR-802420,WH-SHJ-01,2026-04-20,Evening,6,6,48.0,0.0,14.5,696.0
LBR-802421,WH-SHJ-01,2026-04-20,Night,6,5,40.0,1.5,14.5,612.62
LBR-802422,WH-DWC-01,2026-04-20,Morning,12,12,96.0,2.0,14.5,1435.5
LBR-802423,WH-DWC-01,2026-04-20,Evening,12,11,88.0,0.0,14.5,1276.0
LBR-802424,WH-DWC-01,2026-04-20,Night,12,13,104.0,0.0,14.5,1508.0
LBR-802425,WH-DXB-01,2026-04-21,Morning,18,17,136.0,1.5,14.5,2004.62
LBR-802426,WH-DXB-01,2026-04-21,Evening,18,18,144.0,0.0,14.5,2088.0
LBR-802427,WH-DXB-01,2026-04-21,Night,18,17,136.0,0.0,14.5,1972.0
LBR-802428,WH-AUH-01,2026-04-21,Morning,8,8,64.0,2.0,14.5,971.5
LBR-802429,WH-AUH-01,2026-04-21,Evening,8,8,64.0,0.0,14.5,928.0
LBR-802430,WH-AUH-01,2026-04-21,Night,8,9,72.0,1.5,14.5,1076.62
LBR-802431,WH-SHJ-01,2026-04-21,Morning,6,7,56.0,1.5,14.5,844.62
LBR-802432,WH-SHJ-01,2026-04-21,Evening,6,6,48.0,0.0,14.5,696.0
LBR-802433,WH-SHJ-01,2026-04-21,Night,6,6,48.0,0.0,14.5,696.0
LBR-802434,WH-DWC-01,2026-04-21,Morning,12,13,104.0,0.0,14.5,1508.0
LBR-802435,WH-DWC-01,2026-04-21,Evening,12,11,88.0,0.0,14.5,1276.0
LBR-802436,WH-DWC-01,2026-04-21,Night,12,12,96.0,0.0,14.5,1392.0
LBR-802437,WH-DXB-01,2026-04-22,Morning,18,18,144.0,0.0,14.5,2088.0
LBR-802438,WH-DXB-01,2026-04-22,Evening,18,17,136.0,0.0,14.5,1972.0
LBR-802439,WH-DXB-01,2026-04-22,Night,18,19,152.0,2.0,14.5,2247.5
LBR-802440,WH-AUH-01,2026-04-22,Morning,8,7,56.0,0.0,14.5,812.0
LBR-802441,WH-AUH-01,2026-04-22,Evening,8,7,56.0,0.0,14.5,812.0
LBR-802442,WH-AUH-01,2026-04-22,Night,8,8,64.0,0.0,14.5,928.0
LBR-802443,WH-SHJ-01,2026-04-22,Morning,6,7,56.0,0.0,14.5,812.0
LBR-802444,WH-SHJ-01,2026-04-22,Evening,6,7,56.0,2.0,14.5,855.5
LBR-802445,WH-SHJ-01,2026-04-22,Night,6,6,48.0,0.0,14.5,696.0
LBR-802446,WH-DWC-01,2026-04-22,Morning,12,12,96.0,2.0,14.5,1435.5
LBR-802447,WH-DWC-01,2026-04-22,Evening,12,13,104.0,1.5,14.5,1540.62
LBR-802448,WH-DWC-01,2026-04-22,Night,12,12,96.0,2.0,14.5,1435.5
LBR-802449,WH-DXB-01,2026-04-23,Morning,18,18,144.0,0.0,14.5,2088.0
LBR-802450,WH-DXB-01,2026-04-23,Evening,18,18,144.0,1.5,14.5,2120.62
LBR-802451,WH-DXB-01,2026-04-23,Night,18,17,136.0,2.0,14.5,2015.5
LBR-802452,WH-AUH-01,2026-04-23,Morning,8,8,64.0,0.0,14.5,928.0
LBR-802453,WH-AUH-01,2026-04-23,Evening,8,7,56.0,0.0,14.5,812.0
LBR-802454,WH-AUH-01,2026-04-23,Night,8,8,64.0,0.0,14.5,928.0
LBR-802455,WH-SHJ-01,2026-04-23,Morning,6,6,48.0,1.5,14.5,728.62
LBR-802456,WH-SHJ-01,2026-04-23,Evening,6,5,40.0,2.0,14.5,623.5
LBR-802457,WH-SHJ-01,2026-04-23,Night,6,6,48.0,0.0,14.5,696.0
LBR-802458,WH-DWC-01,2026-04-23,Morning,12,11,88.0,0.0,14.5,1276.0
LBR-802459,WH-DWC-01,2026-04-23,Evening,12,13,104.0,2.0,14.5,1551.5
LBR-802460,WH-DWC-01,2026-04-23,Night,12,12,96.0,1.5,14.5,1424.62
LBR-802461,WH-DXB-01,2026-04-24,Morning,10,10,80.0,0.0,14.5,1160.0
LBR-802462,WH-DXB-01,2026-04-24,Evening,10,10,80.0,2.0,14.5,1203.5
LBR-802463,WH-DXB-01,2026-04-24,Night,10,10,80.0,0.0,14.5,1160.0
LBR-802464,WH-AUH-01,2026-04-24,Morning,4,3,24.0,2.0,14.5,391.5
LBR-802465,WH-AUH-01,2026-04-24,Evening,4,4,32.0,0.0,14.5,464.0
LBR-802466,WH-AUH-01,2026-04-24,Night,4,3,24.0,0.0,14.5,348.0
LBR-802467,WH-SHJ-01,2026-04-24,Morning,3,3,24.0,1.5,14.5,380.62
LBR-802468,WH-SHJ-01,2026-04-24,Evening,3,2,16.0,0.0,14.5,232.0
LBR-802469,WH-SHJ-01,2026-04-24,Night,3,4,32.0,2.0,14.5,507.5
LBR-802470,WH-DWC-01,2026-04-24,Morning,7,7,56.0,2.0,14.5,855.5
LBR-802471,WH-DWC-01,2026-04-24,Evening,7,8,64.0,2.0,14.5,971.5
LBR-802472,WH-DWC-01,2026-04-24,Night,7,6,48.0,2.0,14.5,739.5
LBR-802473,WH-DXB-01,2026-04-25,Morning,10,9,72.0,0.0,14.5,1044.0
LBR-802474,WH-DXB-01,2026-04-25,Evening,10,11,88.0,0.0,14.5,1276.0
LBR-802475,WH-DXB-01,2026-04-25,Night,10,10,80.0,0.0,14.5,1160.0
LBR-802476,WH-AUH-01,2026-04-25,Morning,4,3,24.0,0.0,14.5,348.0
LBR-802477,WH-AUH-01,2026-04-25,Evening,4,3,24.0,0.0,14.5,348.0
LBR-802478,WH-AUH-01,2026-04-25,Night,4,3,24.0,0.0,14.5,348.0
LBR-802479,WH-SHJ-01,2026-04-25,Morning,3,3,24.0,2.0,14.5,391.5
LBR-802480,WH-SHJ-01,2026-04-25,Evening,3,2,16.0,1.5,14.5,264.62
LBR-802481,WH-SHJ-01,2026-04-25,Night,3,4,32.0,1.5,14.5,496.62
LBR-802482,WH-DWC-01,2026-04-25,Morning,7,7,56.0,1.5,14.5,844.62
LBR-802483,WH-DWC-01,2026-04-25,Evening,7,7,56.0,2.0,14.5,855.5
LBR-802484,WH-DWC-01,2026-04-25,Night,7,6,48.0,2.0,14.5,739.5
LBR-802485,WH-DXB-01,2026-04-26,Morning,18,18,144.0,1.5,14.5,2120.62
LBR-802486,WH-DXB-01,2026-04-26,Evening,18,18,144.0,1.5,14.5,2120.62
LBR-802487,WH-DXB-01,2026-04-26,Night,18,19,152.0,0.0,14.5,2204.0
LBR-802488,WH-AUH-01,2026-04-26,Morning,8,7,56.0,2.0,14.5,855.5
LBR-802489,WH-AUH-01,2026-04-26,Evening,8,8,64.0,0.0,14.5,928.0
LBR-802490,WH-AUH-01,2026-04-26,Night,8,8,64.0,1.5,14.5,960.62
LBR-802491,WH-SHJ-01,2026-04-26,Morning,6,6,48.0,1.5,14.5,728.62
LBR-802492,WH-SHJ-01,2026-04-26,Evening,6,6,48.0,2.0,14.5,739.5
LBR-802493,WH-SHJ-01,2026-04-26,Night,6,6,48.0,1.5,14.5,728.62
LBR-802494,WH-DWC-01,2026-04-26,Morning,12,13,104.0,0.0,14.5,1508.0
LBR-802495,WH-DWC-01,2026-04-26,Evening,12,12,96.0,0.0,14.5,1392.0
LBR-802496,WH-DWC-01,2026-04-26,Night,12,12,96.0,1.5,14.5,1424.62
LBR-802497,WH-DXB-01,2026-04-27,Morning,18,18,144.0,0.0,14.5,2088.0
LBR-802498,WH-DXB-01,2026-04-27,Evening,18,17,136.0,0.0,14.5,1972.0
LBR-802499,WH-DXB-01,2026-04-27,Night,18,18,144.0,0.0,14.5,2088.0
LBR-802500,WH-AUH-01,2026-04-27,Morning,8,8,64.0,0.0,14.5,928.0
LBR-802501,WH-AUH-01,2026-04-27,Evening,8,8,64.0,2.0,14.5,971.5
LBR-802502,WH-AUH-01,2026-04-27,Night,8,8,64.0,0.0,14.5,928.0
LBR-802503,WH-SHJ-01,2026-04-27,Morning,6,6,48.0,0.0,14.5,696.0
LBR-802504,WH-SHJ-01,2026-04-27,Evening,6,6,48.0,0.0,14.5,696.0
LBR-802505,WH-SHJ-01,2026-04-27,Night,6,6,48.0,1.5,14.5,728.62
LBR-802506,WH-DWC-01,2026-04-27,Morning,12,11,88.0,0.0,14.5,1276.0
LBR-802507,WH-DWC-01,2026-04-27,Evening,12,12,96.0,1.5,14.5,1424.62
LBR-802508,WH-DWC-01,2026-04-27,Night,12,12,96.0,0.0,14.5,1392.0
LBR-802509,WH-DXB-01,2026-04-28,Morning,18,17,136.0,2.0,14.5,2015.5
LBR-802510,WH-DXB-01,2026-04-28,Evening,18,19,152.0,2.0,14.5,2247.5
LBR-802511,WH-DXB-01,2026-04-28,Night,18,18,144.0,0.0,14.5,2088.0
LBR-802512,WH-AUH-01,2026-04-28,Morning,8,7,56.0,0.0,14.5,812.0
LBR-802513,WH-AUH-01,2026-04-28,Evening,8,8,64.0,0.0,14.5,928.0
LBR-802514,WH-AUH-01,2026-04-28,Night,8,7,56.0,1.5,14.5,844.62
LBR-802515,WH-SHJ-01,2026-04-28,Morning,6,5,40.0,0.0,14.5,580.0
LBR-802516,WH-SHJ-01,2026-04-28,Evening,6,6,48.0,0.0,14.5,696.0
LBR-802517,WH-SHJ-01,2026-04-28,Night,6,6,48.0,0.0,14.5,696.0
LBR-802518,WH-DWC-01,2026-04-28,Morning,12,12,96.0,2.0,14.5,1435.5
LBR-802519,WH-DWC-01,2026-04-28,Evening,12,12,96.0,0.0,14.5,1392.0
LBR-802520,WH-DWC-01,2026-04-28,Night,12,13,104.0,0.0,14.5,1508.0
LBR-802521,WH-DXB-01,2026-04-29,Morning,18,17,136.0,0.0,14.5,1972.0
LBR-802522,WH-DXB-01,2026-04-29,Evening,18,17,136.0,0.0,14.5,1972.0
LBR-802523,WH-DXB-01,2026-04-29,Night,18,17,136.0,0.0,14.5,1972.0
LBR-802524,WH-AUH-01,2026-04-29,Morning,8,9,72.0,0.0,14.5,1044.0
LBR-802525,WH-AUH-01,2026-04-29,Evening,8,9,72.0,2.0,14.5,1087.5
LBR-802526,WH-AUH-01,2026-04-29,Night,8,8,64.0,2.0,14.5,971.5
LBR-802527,WH-SHJ-01,2026-04-29,Morning,6,7,56.0,2.0,14.5,855.5
LBR-802528,WH-SHJ-01,2026-04-29,Evening,6,6,48.0,1.5,14.5,728.62
LBR-802529,WH-SHJ-01,2026-04-29,Night,6,7,56.0,0.0,14.5,812.0
LBR-802530,WH-DWC-01,2026-04-29,Morning,12,13,104.0,2.0,14.5,1551.5
LBR-802531,WH-DWC-01,2026-04-29,Evening,12,12,96.0,2.0,14.5,1435.5
LBR-802532,WH-DWC-01,2026-04-29,Night,12,12,96.0,0.0,14.5,1392.0
LBR-802533,WH-DXB-01,2026-04-30,Morning,18,18,144.0,2.0,14.5,2131.5
LBR-802534,WH-DXB-01,2026-04-30,Evening,18,18,144.0,2.0,14.5,2131.5
LBR-802535,WH-DXB-01,2026-04-30,Night,18,19,152.0,2.0,14.5,2247.5
LBR-802536,WH-AUH-01,2026-04-30,Morning,8,8,64.0,0.0,14.5,928.0
LBR-802537,WH-AUH-01,2026-04-30,Evening,8,7,56.0,0.0,14.5,812.0
LBR-802538,WH-AUH-01,2026-04-30,Night,8,8,64.0,1.5,14.5,960.62
LBR-802539,WH-SHJ-01,2026-04-30,Morning,6,6,48.0,1.5,14.5,728.62
LBR-802540,WH-SHJ-01,2026-04-30,Evening,6,7,56.0,0.0,14.5,812.0
LBR-802541,WH-SHJ-01,2026-04-30,Night,6,6,48.0,0.0,14.5,696.0
LBR-802542,WH-DWC-01,2026-04-30,Morning,12,13,104.0,2.0,14.5,1551.5
LBR-802543,WH-DWC-01,2026-04-30,Evening,12,12,96.0,2.0,14.5,1435.5
LBR-802544,WH-DWC-01,2026-04-30,Night,12,13,104.0,2.0,14.5,1551.5
LBR-802545,WH-DXB-01,2026-05-01,Morning,10,10,80.0,1.5,14.5,1192.62
LBR-802546,WH-DXB-01,2026-05-01,Evening,10,9,72.0,2.0,14.5,1087.5
LBR-802547,WH-DXB-01,2026-05-01,Night,10,11,88.0,1.5,14.5,1308.62
LBR-802548,WH-AUH-01,2026-05-01,Morning,4,4,32.0,0.0,14.5,464.0
LBR-802549,WH-AUH-01,2026-05-01,Evening,4,4,32.0,0.0,14.5,464.0
LBR-802550,WH-AUH-01,2026-05-01,Night,4,5,40.0,2.0,14.5,623.5
LBR-802551,WH-SHJ-01,2026-05-01,Morning,3,4,32.0,2.0,14.5,507.5
LBR-802552,WH-SHJ-01,2026-05-01,Evening,3,2,16.0,0.0,14.5,232.0
LBR-802553,WH-SHJ-01,2026-05-01,Night,3,2,16.0,0.0,14.5,232.0
LBR-802554,WH-DWC-01,2026-05-01,Morning,7,6,48.0,0.0,14.5,696.0
LBR-802555,WH-DWC-01,2026-05-01,Evening,7,7,56.0,2.0,14.5,855.5
LBR-802556,WH-DWC-01,2026-05-01,Night,7,8,64.0,0.0,14.5,928.0
LBR-802557,WH-DXB-01,2026-05-02,Morning,10,10,80.0,1.5,14.5,1192.62
LBR-802558,WH-DXB-01,2026-05-02,Evening,10,9,72.0,0.0,14.5,1044.0
LBR-802559,WH-DXB-01,2026-05-02,Night,10,11,88.0,0.0,14.5,1276.0
LBR-802560,WH-AUH-01,2026-05-02,Morning,4,4,32.0,0.0,14.5,464.0
LBR-802561,WH-AUH-01,2026-05-02,Evening,4,4,32.0,0.0,14.5,464.0
LBR-802562,WH-AUH-01,2026-05-02,Night,4,4,32.0,2.0,14.5,507.5
LBR-802563,WH-SHJ-01,2026-05-02,Morning,3,3,24.0,2.0,14.5,391.5
LBR-802564,WH-SHJ-01,2026-05-02,Evening,3,3,24.0,1.5,14.5,380.62
LBR-802565,WH-SHJ-01,2026-05-02,Night,3,3,24.0,0.0,14.5,348.0
LBR-802566,WH-DWC-01,2026-05-02,Morning,7,6,48.0,1.5,14.5,728.62
LBR-802567,WH-DWC-01,2026-05-02,Evening,7,8,64.0,1.5,14.5,960.62
LBR-802568,WH-DWC-01,2026-05-02,Night,7,8,64.0,2.0,14.5,971.5
LBR-802569,WH-DXB-01,2026-05-03,Morning,18,19,152.0,0.0,14.5,2204.0
LBR-802570,WH-DXB-01,2026-05-03,Evening,18,18,144.0,1.5,14.5,2120.62
LBR-802571,WH-DXB-01,2026-05-03,Night,18,17,136.0,2.0,14.5,2015.5
LBR-802572,WH-AUH-01,2026-05-03,Morning,8,7,56.0,0.0,14.5,812.0
LBR-802573,WH-AUH-01,2026-05-03,Evening,8,8,64.0,0.0,14.5,928.0
LBR-802574,WH-AUH-01,2026-05-03,Night,8,7,56.0,0.0,14.5,812.0
LBR-802575,WH-SHJ-01,2026-05-03,Morning,6,5,40.0,1.5,14.5,612.62
LBR-802576,WH-SHJ-01,2026-05-03,Evening,6,7,56.0,1.5,14.5,844.62
LBR-802577,WH-SHJ-01,2026-05-03,Night,6,5,40.0,0.0,14.5,580.0
LBR-802578,WH-DWC-01,2026-05-03,Morning,12,11,88.0,0.0,14.5,1276.0
LBR-802579,WH-DWC-01,2026-05-03,Evening,12,11,88.0,0.0,14.5,1276.0
LBR-802580,WH-DWC-01,2026-05-03,Night,12,13,104.0,1.5,14.5,1540.62
LBR-802581,WH-DXB-01,2026-05-04,Morning,18,19,152.0,0.0,14.5,2204.0
LBR-802582,WH-DXB-01,2026-05-04,Evening,18,19,152.0,2.0,14.5,2247.5
LBR-802583,WH-DXB-01,2026-05-04,Night,18,19,152.0,0.0,14.5,2204.0
LBR-802584,WH-AUH-01,2026-05-04,Morning,8,9,72.0,1.5,14.5,1076.62
LBR-802585,WH-AUH-01,2026-05-04,Evening,8,8,64.0,0.0,14.5,928.0
LBR-802586,WH-AUH-01,2026-05-04,Night,8,7,56.0,2.0,14.5,855.5
LBR-802587,WH-SHJ-01,2026-05-04,Morning,6,5,40.0,1.5,14.5,612.62
LBR-802588,WH-SHJ-01,2026-05-04,Evening,6,6,48.0,2.0,14.5,739.5
LBR-802589,WH-SHJ-01,2026-05-04,Night,6,5,40.0,0.0,14.5,580.0
LBR-802590,WH-DWC-01,2026-05-04,Morning,12,12,96.0,0.0,14.5,1392.0
LBR-802591,WH-DWC-01,2026-05-04,Evening,12,13,104.0,1.5,14.5,1540.62
LBR-802592,WH-DWC-01,2026-05-04,Night,12,12,96.0,1.5,14.5,1424.62
LBR-802593,WH-DXB-01,2026-05-05,Morning,18,18,144.0,0.0,14.5,2088.0
LBR-802594,WH-DXB-01,2026-05-05,Evening,18,17,136.0,0.0,14.5,1972.0
LBR-802595,WH-DXB-01,2026-05-05,Night,18,18,144.0,0.0,14.5,2088.0
LBR-802596,WH-AUH-01,2026-05-05,Morning,8,7,56.0,0.0,14.5,812.0
LBR-802597,WH-AUH-01,2026-05-05,Evening,8,8,64.0,1.5,14.5,960.62
LBR-802598,WH-AUH-01,2026-05-05,Night,8,8,64.0,1.5,14.5,960.62
LBR-802599,WH-SHJ-01,2026-05-05,Morning,6,6,48.0,0.0,14.5,696.0
LBR-802600,WH-SHJ-01,2026-05-05,Evening,6,6,48.0,2.0,14.5,739.5
LBR-802601,WH-SHJ-01,2026-05-05,Night,6,6,48.0,2.0,14.5,739.5
LBR-802602,WH-DWC-01,2026-05-05,Morning,12,12,96.0,2.0,14.5,1435.5
LBR-802603,WH-DWC-01,2026-05-05,Evening,12,12,96.0,0.0,14.5,1392.0
LBR-802604,WH-DWC-01,2026-05-05,Night,12,12,96.0,2.0,14.5,1435.5
LBR-802605,WH-DXB-01,2026-05-06,Morning,18,18,144.0,0.0,14.5,2088.0
LBR-802606,WH-DXB-01,2026-05-06,Evening,18,18,144.0,1.5,14.5,2120.62
LBR-802607,WH-DXB-01,2026-05-06,Night,18,18,144.0,0.0,14.5,2088.0
LBR-802608,WH-AUH-01,2026-05-06,Morning,8,9,72.0,2.0,14.5,1087.5
LBR-802609,WH-AUH-01,2026-05-06,Evening,8,7,56.0,0.0,14.5,812.0
LBR-802610,WH-AUH-01,2026-05-06,Night,8,9,72.0,2.0,14.5,1087.5
LBR-802611,WH-SHJ-01,2026-05-06,Morning,6,6,48.0,1.5,14.5,728.62
LBR-802612,WH-SHJ-01,2026-05-06,Evening,6,5,40.0,0.0,14.5,580.0
LBR-802613,WH-SHJ-01,2026-05-06,Night,6,7,56.0,2.0,14.5,855.5
LBR-802614,WH-DWC-01,2026-05-06,Morning,12,11,88.0,0.0,14.5,1276.0
LBR-802615,WH-DWC-01,2026-05-06,Evening,12,12,96.0,0.0,14.5,1392.0
LBR-802616,WH-DWC-01,2026-05-06,Night,12,11,88.0,1.5,14.5,1308.62
LBR-802617,WH-DXB-01,2026-05-07,Morning,18,17,136.0,2.0,14.5,2015.5
LBR-802618,WH-DXB-01,2026-05-07,Evening,18,17,136.0,2.0,14.5,2015.5
LBR-802619,WH-DXB-01,2026-05-07,Night,18,17,136.0,2.0,14.5,2015.5
LBR-802620,WH-AUH-01,2026-05-07,Morning,8,8,64.0,1.5,14.5,960.62
LBR-802621,WH-AUH-01,2026-05-07,Evening,8,8,64.0,0.0,14.5,928.0
LBR-802622,WH-AUH-01,2026-05-07,Night,8,7,56.0,1.5,14.5,844.62
LBR-802623,WH-SHJ-01,2026-05-07,Morning,6,6,48.0,0.0,14.5,696.0
LBR-802624,WH-SHJ-01,2026-05-07,Evening,6,7,56.0,1.5,14.5,844.62
LBR-802625,WH-SHJ-01,2026-05-07,Night,6,6,48.0,0.0,14.5,696.0
LBR-802626,WH-DWC-01,2026-05-07,Morning,12,12,96.0,1.5,14.5,1424.62
LBR-802627,WH-DWC-01,2026-05-07,Evening,12,12,96.0,0.0,14.5,1392.0
LBR-802628,WH-DWC-01,2026-05-07,Night,12,11,88.0,0.0,14.5,1276.0
LBR-802629,WH-DXB-01,2026-05-08,Morning,10,11,88.0,0.0,14.5,1276.0
LBR-802630,WH-DXB-01,2026-05-08,Evening,10,11,88.0,0.0,14.5,1276.0
LBR-802631,WH-DXB-01,2026-05-08,Night,10,10,80.0,1.5,14.5,1192.62
LBR-802632,WH-AUH-01,2026-05-08,Morning,4,4,32.0,0.0,14.5,464.0
LBR-802633,WH-AUH-01,2026-05-08,Evening,4,4,32.0,0.0,14.5,464.0
LBR-802634,WH-AUH-01,2026-05-08,Night,4,4,32.0,0.0,14.5,464.0
LBR-802635,WH-SHJ-01,2026-05-08,Morning,3,2,16.0,1.5,14.5,264.62
LBR-802636,WH-SHJ-01,2026-05-08,Evening,3,2,16.0,0.0,14.5,232.0
LBR-802637,WH-SHJ-01,2026-05-08,Night,3,2,16.0,1.5,14.5,264.62
LBR-802638,WH-DWC-01,2026-05-08,Morning,7,6,48.0,2.0,14.5,739.5
LBR-802639,WH-DWC-01,2026-05-08,Evening,7,6,48.0,1.5,14.5,728.62
LBR-802640,WH-DWC-01,2026-05-08,Night,7,8,64.0,0.0,14.5,928.0
LBR-802641,WH-DXB-01,2026-05-09,Morning,10,10,80.0,0.0,14.5,1160.0
LBR-802642,WH-DXB-01,2026-05-09,Evening,10,10,80.0,1.5,14.5,1192.62
LBR-802643,WH-DXB-01,2026-05-09,Night,10,11,88.0,1.5,14.5,1308.62
LBR-802644,WH-AUH-01,2026-05-09,Morning,4,4,32.0,2.0,14.5,507.5
LBR-802645,WH-AUH-01,2026-05-09,Evening,4,5,40.0,0.0,14.5,580.0
LBR-802646,WH-AUH-01,2026-05-09,Night,4,3,24.0,1.5,14.5,380.62
LBR-802647,WH-SHJ-01,2026-05-09,Morning,3,2,16.0,0.0,14.5,232.0
LBR-802648,WH-SHJ-01,2026-05-09,Evening,3,3,24.0,1.5,14.5,380.62
LBR-802649,WH-SHJ-01,2026-05-09,Night,3,2,16.0,0.0,14.5,232.0
LBR-802650,WH-DWC-01,2026-05-09,Morning,7,8,64.0,1.5,14.5,960.62
LBR-802651,WH-DWC-01,2026-05-09,Evening,7,7,56.0,2.0,14.5,855.5
LBR-802652,WH-DWC-01,2026-05-09,Night,7,7,56.0,0.0,14.5,812.0
LBR-802653,WH-DXB-01,2026-05-10,Morning,18,19,152.0,1.5,14.5,2236.62
LBR-802654,WH-DXB-01,2026-05-10,Evening,18,19,152.0,0.0,14.5,2204.0
LBR-802655,WH-DXB-01,2026-05-10,Night,18,17,136.0,2.0,14.5,2015.5
LBR-802656,WH-AUH-01,2026-05-10,Morning,8,7,56.0,2.0,14.5,855.5
LBR-802657,WH-AUH-01,2026-05-10,Evening,8,9,72.0,2.0,14.5,1087.5
LBR-802658,WH-AUH-01,2026-05-10,Night,8,8,64.0,1.5,14.5,960.62
LBR-802659,WH-SHJ-01,2026-05-10,Morning,6,5,40.0,0.0,14.5,580.0
LBR-802660,WH-SHJ-01,2026-05-10,Evening,6,5,40.0,2.0,14.5,623.5
LBR-802661,WH-SHJ-01,2026-05-10,Night,6,6,48.0,0.0,14.5,696.0
LBR-802662,WH-DWC-01,2026-05-10,Morning,12,12,96.0,1.5,14.5,1424.62
LBR-802663,WH-DWC-01,2026-05-10,Evening,12,13,104.0,2.0,14.5,1551.5
LBR-802664,WH-DWC-01,2026-05-10,Night,12,12,96.0,0.0,14.5,1392.0
LBR-802665,WH-DXB-01,2026-05-11,Morning,18,18,144.0,0.0,14.5,2088.0
LBR-802666,WH-DXB-01,2026-05-11,Evening,18,17,136.0,1.5,14.5,2004.62
LBR-802667,WH-DXB-01,2026-05-11,Night,18,17,136.0,0.0,14.5,1972.0
LBR-802668,WH-AUH-01,2026-05-11,Morning,8,7,56.0,0.0,14.5,812.0
LBR-802669,WH-AUH-01,2026-05-11,Evening,8,8,64.0,0.0,14.5,928.0
LBR-802670,WH-AUH-01,2026-05-11,Night,8,8,64.0,0.0,14.5,928.0
LBR-802671,WH-SHJ-01,2026-05-11,Morning,6,5,40.0,2.0,14.5,623.5
LBR-802672,WH-SHJ-01,2026-05-11,Evening,6,6,48.0,0.0,14.5,696.0
LBR-802673,WH-SHJ-01,2026-05-11,Night,6,7,56.0,0.0,14.5,812.0
LBR-802674,WH-DWC-01,2026-05-11,Morning,12,13,104.0,1.5,14.5,1540.62
LBR-802675,WH-DWC-01,2026-05-11,Evening,12,11,88.0,0.0,14.5,1276.0
LBR-802676,WH-DWC-01,2026-05-11,Night,12,11,88.0,1.5,14.5,1308.62
LBR-802677,WH-DXB-01,2026-05-12,Morning,18,18,144.0,0.0,14.5,2088.0
LBR-802678,WH-DXB-01,2026-05-12,Evening,18,17,136.0,1.5,14.5,2004.62
LBR-802679,WH-DXB-01,2026-05-12,Night,18,19,152.0,0.0,14.5,2204.0
LBR-802680,WH-AUH-01,2026-05-12,Morning,8,8,64.0,0.0,14.5,928.0
LBR-802681,WH-AUH-01,2026-05-12,Evening,8,8,64.0,0.0,14.5,928.0
LBR-802682,WH-AUH-01,2026-05-12,Night,8,9,72.0,0.0,14.5,1044.0
LBR-802683,WH-SHJ-01,2026-05-12,Morning,6,5,40.0,1.5,14.5,612.62
LBR-802684,WH-SHJ-01,2026-05-12,Evening,6,6,48.0,2.0,14.5,739.5
LBR-802685,WH-SHJ-01,2026-05-12,Night,6,6,48.0,0.0,14.5,696.0
LBR-802686,WH-DWC-01,2026-05-12,Morning,12,13,104.0,2.0,14.5,1551.5
LBR-802687,WH-DWC-01,2026-05-12,Evening,12,12,96.0,1.5,14.5,1424.62
LBR-802688,WH-DWC-01,2026-05-12,Night,12,11,88.0,0.0,14.5,1276.0
LBR-802689,WH-DXB-01,2026-05-13,Morning,18,17,136.0,0.0,14.5,1972.0
LBR-802690,WH-DXB-01,2026-05-13,Evening,18,17,136.0,1.5,14.5,2004.62
LBR-802691,WH-DXB-01,2026-05-13,Night,18,18,144.0,0.0,14.5,2088.0
LBR-802692,WH-AUH-01,2026-05-13,Morning,8,8,64.0,2.0,14.5,971.5
LBR-802693,WH-AUH-01,2026-05-13,Evening,8,7,56.0,2.0,14.5,855.5
LBR-802694,WH-AUH-01,2026-05-13,Night,8,8,64.0,0.0,14.5,928.0
LBR-802695,WH-SHJ-01,2026-05-13,Morning,6,6,48.0,2.0,14.5,739.5
LBR-802696,WH-SHJ-01,2026-05-13,Evening,6,5,40.0,1.5,14.5,612.62
LBR-802697,WH-SHJ-01,2026-05-13,Night,6,7,56.0,2.0,14.5,855.5
LBR-802698,WH-DWC-01,2026-05-13,Morning,12,11,88.0,0.0,14.5,1276.0
LBR-802699,WH-DWC-01,2026-05-13,Evening,12,11,88.0,0.0,14.5,1276.0
LBR-802700,WH-DWC-01,2026-05-13,Night,12,12,96.0,2.0,14.5,1435.5
LBR-802701,WH-DXB-01,2026-05-14,Morning,18,19,152.0,2.0,14.5,2247.5
LBR-802702,WH-DXB-01,2026-05-14,Evening,18,17,136.0,1.5,14.5,2004.62
LBR-802703,WH-DXB-01,2026-05-14,Night,18,18,144.0,0.0,14.5,2088.0
LBR-802704,WH-AUH-01,2026-05-14,Morning,8,8,64.0,2.0,14.5,971.5
LBR-802705,WH-AUH-01,2026-05-14,Evening,8,8,64.0,0.0,14.5,928.0
LBR-802706,WH-AUH-01,2026-05-14,Night,8,8,64.0,1.5,14.5,960.62
LBR-802707,WH-SHJ-01,2026-05-14,Morning,6,6,48.0,2.0,14.5,739.5
LBR-802708,WH-SHJ-01,2026-05-14,Evening,6,5,40.0,1.5,14.5,612.62
LBR-802709,WH-SHJ-01,2026-05-14,Night,6,6,48.0,0.0,14.5,696.0
LBR-802710,WH-DWC-01,2026-05-14,Morning,12,13,104.0,2.0,14.5,1551.5
LBR-802711,WH-DWC-01,2026-05-14,Evening,12,12,96.0,2.0,14.5,1435.5
LBR-802712,WH-DWC-01,2026-05-14,Night,12,11,88.0,0.0,14.5,1276.0
LBR-802713,WH-DXB-01,2026-05-15,Morning,10,10,80.0,2.0,14.5,1203.5
LBR-802714,WH-DXB-01,2026-05-15,Evening,10,9,72.0,0.0,14.5,1044.0
LBR-802715,WH-DXB-01,2026-05-15,Night,10,9,72.0,1.5,14.5,1076.62
LBR-802716,WH-AUH-01,2026-05-15,Morning,4,5,40.0,0.0,14.5,580.0
LBR-802717,WH-AUH-01,2026-05-15,Evening,4,3,24.0,2.0,14.5,391.5
LBR-802718,WH-AUH-01,2026-05-15,Night,4,5,40.0,0.0,14.5,580.0
LBR-802719,WH-SHJ-01,2026-05-15,Morning,3,3,24.0,1.5,14.5,380.62
LBR-802720,WH-SHJ-01,2026-05-15,Evening,3,4,32.0,1.5,14.5,496.62
LBR-802721,WH-SHJ-01,2026-05-15,Night,3,3,24.0,2.0,14.5,391.5
LBR-802722,WH-DWC-01,2026-05-15,Morning,7,7,56.0,2.0,14.5,855.5
LBR-802723,WH-DWC-01,2026-05-15,Evening,7,6,48.0,0.0,14.5,696.0
LBR-802724,WH-DWC-01,2026-05-15,Night,7,6,48.0,2.0,14.5,739.5
LBR-802725,WH-DXB-01,2026-05-16,Morning,10,11,88.0,0.0,14.5,1276.0
LBR-802726,WH-DXB-01,2026-05-16,Evening,10,9,72.0,1.5,14.5,1076.62
LBR-802727,WH-DXB-01,2026-05-16,Night,10,10,80.0,1.5,14.5,1192.62
LBR-802728,WH-AUH-01,2026-05-16,Morning,4,4,32.0,0.0,14.5,464.0
LBR-802729,WH-AUH-01,2026-05-16,Evening,4,5,40.0,1.5,14.5,612.62
LBR-802730,WH-AUH-01,2026-05-16,Night,4,4,32.0,0.0,14.5,464.0
LBR-802731,WH-SHJ-01,2026-05-16,Morning,3,3,24.0,1.5,14.5,380.62
LBR-802732,WH-SHJ-01,2026-05-16,Evening,3,4,32.0,0.0,14.5,464.0
LBR-802733,WH-SHJ-01,2026-05-16,Night,3,3,24.0,0.0,14.5,348.0
LBR-802734,WH-DWC-01,2026-05-16,Morning,7,6,48.0,1.5,14.5,728.62
LBR-802735,WH-DWC-01,2026-05-16,Evening,7,7,56.0,2.0,14.5,855.5
LBR-802736,WH-DWC-01,2026-05-16,Night,7,6,48.0,0.0,14.5,696.0
LBR-802737,WH-DXB-01,2026-05-17,Morning,18,17,136.0,2.0,14.5,2015.5
LBR-802738,WH-DXB-01,2026-05-17,Evening,18,19,152.0,0.0,14.5,2204.0
LBR-802739,WH-DXB-01,2026-05-17,Night,18,18,144.0,1.5,14.5,2120.62
LBR-802740,WH-AUH-01,2026-05-17,Morning,8,8,64.0,0.0,14.5,928.0
LBR-802741,WH-AUH-01,2026-05-17,Evening,8,8,64.0,0.0,14.5,928.0
LBR-802742,WH-AUH-01,2026-05-17,Night,8,9,72.0,1.5,14.5,1076.62
LBR-802743,WH-SHJ-01,2026-05-17,Morning,6,7,56.0,1.5,14.5,844.62
LBR-802744,WH-SHJ-01,2026-05-17,Evening,6,7,56.0,2.0,14.5,855.5
LBR-802745,WH-SHJ-01,2026-05-17,Night,6,7,56.0,0.0,14.5,812.0
LBR-802746,WH-DWC-01,2026-05-17,Morning,12,12,96.0,0.0,14.5,1392.0
LBR-802747,WH-DWC-01,2026-05-17,Evening,12,12,96.0,0.0,14.5,1392.0
LBR-802748,WH-DWC-01,2026-05-17,Night,12,12,96.0,0.0,14.5,1392.0
LBR-802749,WH-DXB-01,2026-05-18,Morning,18,18,144.0,1.5,14.5,2120.62
LBR-802750,WH-DXB-01,2026-05-18,Evening,18,17,136.0,1.5,14.5,2004.62
LBR-802751,WH-DXB-01,2026-05-18,Night,18,19,152.0,0.0,14.5,2204.0
LBR-802752,WH-AUH-01,2026-05-18,Morning,8,9,72.0,1.5,14.5,1076.62
LBR-802753,WH-AUH-01,2026-05-18,Evening,8,9,72.0,0.0,14.5,1044.0
LBR-802754,WH-AUH-01,2026-05-18,Night,8,7,56.0,0.0,14.5,812.0
LBR-802755,WH-SHJ-01,2026-05-18,Morning,6,7,56.0,0.0,14.5,812.0
LBR-802756,WH-SHJ-01,2026-05-18,Evening,6,6,48.0,0.0,14.5,696.0
LBR-802757,WH-SHJ-01,2026-05-18,Night,6,5,40.0,2.0,14.5,623.5
LBR-802758,WH-DWC-01,2026-05-18,Morning,12,13,104.0,0.0,14.5,1508.0
LBR-802759,WH-DWC-01,2026-05-18,Evening,12,12,96.0,0.0,14.5,1392.0
LBR-802760,WH-DWC-01,2026-05-18,Night,12,11,88.0,0.0,14.5,1276.0
LBR-802761,WH-DXB-01,2026-05-19,Morning,18,17,136.0,2.0,14.5,2015.5
LBR-802762,WH-DXB-01,2026-05-19,Evening,18,18,144.0,0.0,14.5,2088.0
LBR-802763,WH-DXB-01,2026-05-19,Night,18,17,136.0,1.5,14.5,2004.62
LBR-802764,WH-AUH-01,2026-05-19,Morning,8,7,56.0,0.0,14.5,812.0
LBR-802765,WH-AUH-01,2026-05-19,Evening,8,8,64.0,1.5,14.5,960.62
LBR-802766,WH-AUH-01,2026-05-19,Night,8,8,64.0,1.5,14.5,960.62
LBR-802767,WH-SHJ-01,2026-05-19,Morning,6,6,48.0,0.0,14.5,696.0
LBR-802768,WH-SHJ-01,2026-05-19,Evening,6,7,56.0,2.0,14.5,855.5
LBR-802769,WH-SHJ-01,2026-05-19,Night,6,6,48.0,0.0,14.5,696.0
LBR-802770,WH-DWC-01,2026-05-19,Morning,12,12,96.0,0.0,14.5,1392.0
LBR-802771,WH-DWC-01,2026-05-19,Evening,12,13,104.0,0.0,14.5,1508.0
LBR-802772,WH-DWC-01,2026-05-19,Night,12,11,88.0,1.5,14.5,1308.62
LBR-802773,WH-DXB-01,2026-05-20,Morning,18,18,144.0,0.0,14.5,2088.0
LBR-802774,WH-DXB-01,2026-05-20,Evening,18,17,136.0,1.5,14.5,2004.62
LBR-802775,WH-DXB-01,2026-05-20,Night,18,19,152.0,1.5,14.5,2236.62
LBR-802776,WH-AUH-01,2026-05-20,Morning,8,8,64.0,0.0,14.5,928.0
LBR-802777,WH-AUH-01,2026-05-20,Evening,8,7,56.0,0.0,14.5,812.0
LBR-802778,WH-AUH-01,2026-05-20,Night,8,8,64.0,0.0,14.5,928.0
LBR-802779,WH-SHJ-01,2026-05-20,Morning,6,7,56.0,0.0,14.5,812.0
LBR-802780,WH-SHJ-01,2026-05-20,Evening,6,5,40.0,1.5,14.5,612.62
LBR-802781,WH-SHJ-01,2026-05-20,Night,6,6,48.0,1.5,14.5,728.62
LBR-802782,WH-DWC-01,2026-05-20,Morning,12,12,96.0,1.5,14.5,1424.62
LBR-802783,WH-DWC-01,2026-05-20,Evening,12,11,88.0,0.0,14.5,1276.0
LBR-802784,WH-DWC-01,2026-05-20,Night,12,11,88.0,2.0,14.5,1319.5
LBR-802785,WH-DXB-01,2026-05-21,Morning,18,19,152.0,0.0,14.5,2204.0
LBR-802786,WH-DXB-01,2026-05-21,Evening,18,18,144.0,1.5,14.5,2120.62
LBR-802787,WH-DXB-01,2026-05-21,Night,18,18,144.0,1.5,14.5,2120.62
LBR-802788,WH-AUH-01,2026-05-21,Morning,8,8,64.0,2.0,14.5,971.5
LBR-802789,WH-AUH-01,2026-05-21,Evening,8,8,64.0,2.0,14.5,971.5
LBR-802790,WH-AUH-01,2026-05-21,Night,8,9,72.0,1.5,14.5,1076.62
LBR-802791,WH-SHJ-01,2026-05-21,Morning,6,6,48.0,0.0,14.5,696.0
LBR-802792,WH-SHJ-01,2026-05-21,Evening,6,7,56.0,1.5,14.5,844.62
LBR-802793,WH-SHJ-01,2026-05-21,Night,6,5,40.0,0.0,14.5,580.0
LBR-802794,WH-DWC-01,2026-05-21,Morning,12,12,96.0,2.0,14.5,1435.5
LBR-802795,WH-DWC-01,2026-05-21,Evening,12,12,96.0,0.0,14.5,1392.0
LBR-802796,WH-DWC-01,2026-05-21,Night,12,12,96.0,0.0,14.5,1392.0
LBR-802797,WH-DXB-01,2026-05-22,Morning,10,11,88.0,0.0,14.5,1276.0
LBR-802798,WH-DXB-01,2026-05-22,Evening,10,10,80.0,1.5,14.5,1192.62
LBR-802799,WH-DXB-01,2026-05-22,Night,10,10,80.0,1.5,14.5,1192.62
LBR-802800,WH-AUH-01,2026-05-22,Morning,4,4,32.0,2.0,14.5,507.5
LBR-802801,WH-AUH-01,2026-05-22,Evening,4,4,32.0,0.0,14.5,464.0
LBR-802802,WH-AUH-01,2026-05-22,Night,4,5,40.0,1.5,14.5,612.62
LBR-802803,WH-SHJ-01,2026-05-22,Morning,3,3,24.0,0.0,14.5,348.0
LBR-802804,WH-SHJ-01,2026-05-22,Evening,3,2,16.0,1.5,14.5,264.62
LBR-802805,WH-SHJ-01,2026-05-22,Night,3,3,24.0,1.5,14.5,380.62
LBR-802806,WH-DWC-01,2026-05-22,Morning,7,7,56.0,2.0,14.5,855.5
LBR-802807,WH-DWC-01,2026-05-22,Evening,7,6,48.0,2.0,14.5,739.5
LBR-802808,WH-DWC-01,2026-05-22,Night,7,6,48.0,0.0,14.5,696.0
LBR-802809,WH-DXB-01,2026-05-23,Morning,10,9,72.0,0.0,14.5,1044.0
LBR-802810,WH-DXB-01,2026-05-23,Evening,10,11,88.0,1.5,14.5,1308.62
LBR-802811,WH-DXB-01,2026-05-23,Night,10,11,88.0,2.0,14.5,1319.5
LBR-802812,WH-AUH-01,2026-05-23,Morning,4,4,32.0,1.5,14.5,496.62
LBR-802813,WH-AUH-01,2026-05-23,Evening,4,5,40.0,1.5,14.5,612.62
LBR-802814,WH-AUH-01,2026-05-23,Night,4,4,32.0,0.0,14.5,464.0
LBR-802815,WH-SHJ-01,2026-05-23,Morning,3,3,24.0,0.0,14.5,348.0
LBR-802816,WH-SHJ-01,2026-05-23,Evening,3,3,24.0,0.0,14.5,348.0
LBR-802817,WH-SHJ-01,2026-05-23,Night,3,3,24.0,1.5,14.5,380.62
LBR-802818,WH-DWC-01,2026-05-23,Morning,7,7,56.0,1.5,14.5,844.62
LBR-802819,WH-DWC-01,2026-05-23,Evening,7,6,48.0,2.0,14.5,739.5
LBR-802820,WH-DWC-01,2026-05-23,Night,7,7,56.0,0.0,14.5,812.0
LBR-802821,WH-DXB-01,2026-05-24,Morning,18,17,136.0,2.0,14.5,2015.5
LBR-802822,WH-DXB-01,2026-05-24,Evening,18,17,136.0,0.0,14.5,1972.0
LBR-802823,WH-DXB-01,2026-05-24,Night,18,17,136.0,0.0,14.5,1972.0
LBR-802824,WH-AUH-01,2026-05-24,Morning,8,9,72.0,1.5,14.5,1076.62
LBR-802825,WH-AUH-01,2026-05-24,Evening,8,8,64.0,0.0,14.5,928.0
LBR-802826,WH-AUH-01,2026-05-24,Night,8,8,64.0,2.0,14.5,971.5
LBR-802827,WH-SHJ-01,2026-05-24,Morning,6,6,48.0,0.0,14.5,696.0
LBR-802828,WH-SHJ-01,2026-05-24,Evening,6,7,56.0,1.5,14.5,844.62
LBR-802829,WH-SHJ-01,2026-05-24,Night,6,6,48.0,0.0,14.5,696.0
LBR-802830,WH-DWC-01,2026-05-24,Morning,12,13,104.0,2.0,14.5,1551.5
LBR-802831,WH-DWC-01,2026-05-24,Evening,12,13,104.0,0.0,14.5,1508.0
LBR-802832,WH-DWC-01,2026-05-24,Night,12,12,96.0,1.5,14.5,1424.62
LBR-802833,WH-DXB-01,2026-05-25,Morning,18,19,152.0,0.0,14.5,2204.0
LBR-802834,WH-DXB-01,2026-05-25,Evening,18,19,152.0,0.0,14.5,2204.0
LBR-802835,WH-DXB-01,2026-05-25,Night,18,18,144.0,1.5,14.5,2120.62
LBR-802836,WH-AUH-01,2026-05-25,Morning,8,8,64.0,1.5,14.5,960.62
LBR-802837,WH-AUH-01,2026-05-25,Evening,8,8,64.0,0.0,14.5,928.0
LBR-802838,WH-AUH-01,2026-05-25,Night,8,8,64.0,1.5,14.5,960.62
LBR-802839,WH-SHJ-01,2026-05-25,Morning,6,7,56.0,1.5,14.5,844.62
LBR-802840,WH-SHJ-01,2026-05-25,Evening,6,5,40.0,1.5,14.5,612.62
LBR-802841,WH-SHJ-01,2026-05-25,Night,6,5,40.0,2.0,14.5,623.5
LBR-802842,WH-DWC-01,2026-05-25,Morning,12,13,104.0,2.0,14.5,1551.5
LBR-802843,WH-DWC-01,2026-05-25,Evening,12,12,96.0,0.0,14.5,1392.0
LBR-802844,WH-DWC-01,2026-05-25,Night,12,12,96.0,0.0,14.5,1392.0
LBR-802845,WH-DXB-01,2026-05-26,Morning,18,19,152.0,2.0,14.5,2247.5
LBR-802846,WH-DXB-01,2026-05-26,Evening,18,18,144.0,0.0,14.5,2088.0
LBR-802847,WH-DXB-01,2026-05-26,Night,18,18,144.0,0.0,14.5,2088.0
LBR-802848,WH-AUH-01,2026-05-26,Morning,8,9,72.0,1.5,14.5,1076.62
LBR-802849,WH-AUH-01,2026-05-26,Evening,8,8,64.0,2.0,14.5,971.5
LBR-802850,WH-AUH-01,2026-05-26,Night,8,7,56.0,0.0,14.5,812.0
LBR-802851,WH-SHJ-01,2026-05-26,Morning,6,5,40.0,0.0,14.5,580.0
LBR-802852,WH-SHJ-01,2026-05-26,Evening,6,7,56.0,2.0,14.5,855.5
LBR-802853,WH-SHJ-01,2026-05-26,Night,6,6,48.0,0.0,14.5,696.0
LBR-802854,WH-DWC-01,2026-05-26,Morning,12,12,96.0,2.0,14.5,1435.5
LBR-802855,WH-DWC-01,2026-05-26,Evening,12,13,104.0,0.0,14.5,1508.0
LBR-802856,WH-DWC-01,2026-05-26,Night,12,12,96.0,1.5,14.5,1424.62
LBR-802857,WH-DXB-01,2026-05-27,Morning,18,18,144.0,0.0,14.5,2088.0
LBR-802858,WH-DXB-01,2026-05-27,Evening,18,19,152.0,2.0,14.5,2247.5
LBR-802859,WH-DXB-01,2026-05-27,Night,18,17,136.0,0.0,14.5,1972.0
LBR-802860,WH-AUH-01,2026-05-27,Morning,8,8,64.0,2.0,14.5,971.5
LBR-802861,WH-AUH-01,2026-05-27,Evening,8,8,64.0,1.5,14.5,960.62
LBR-802862,WH-AUH-01,2026-05-27,Night,8,8,64.0,0.0,14.5,928.0
LBR-802863,WH-SHJ-01,2026-05-27,Morning,6,6,48.0,1.5,14.5,728.62
LBR-802864,WH-SHJ-01,2026-05-27,Evening,6,5,40.0,0.0,14.5,580.0
LBR-802865,WH-SHJ-01,2026-05-27,Night,6,6,48.0,0.0,14.5,696.0
LBR-802866,WH-DWC-01,2026-05-27,Morning,12,12,96.0,2.0,14.5,1435.5
LBR-802867,WH-DWC-01,2026-05-27,Evening,12,11,88.0,2.0,14.5,1319.5
LBR-802868,WH-DWC-01,2026-05-27,Night,12,12,96.0,1.5,14.5,1424.62
LBR-802869,WH-DXB-01,2026-05-28,Morning,18,18,144.0,2.0,14.5,2131.5
LBR-802870,WH-DXB-01,2026-05-28,Evening,18,18,144.0,2.0,14.5,2131.5
LBR-802871,WH-DXB-01,2026-05-28,Night,18,18,144.0,0.0,14.5,2088.0
LBR-802872,WH-AUH-01,2026-05-28,Morning,8,8,64.0,0.0,14.5,928.0
LBR-802873,WH-AUH-01,2026-05-28,Evening,8,8,64.0,2.0,14.5,971.5
LBR-802874,WH-AUH-01,2026-05-28,Night,8,8,64.0,1.5,14.5,960.62
LBR-802875,WH-SHJ-01,2026-05-28,Morning,6,6,48.0,0.0,14.5,696.0
LBR-802876,WH-SHJ-01,2026-05-28,Evening,6,6,48.0,2.0,14.5,739.5
LBR-802877,WH-SHJ-01,2026-05-28,Night,6,6,48.0,0.0,14.5,696.0
LBR-802878,WH-DWC-01,2026-05-28,Morning,12,11,88.0,1.5,14.5,1308.62
LBR-802879,WH-DWC-01,2026-05-28,Evening,12,13,104.0,1.5,14.5,1540.62
LBR-802880,WH-DWC-01,2026-05-28,Night,12,12,96.0,2.0,14.5,1435.5
LBR-802881,WH-DXB-01,2026-05-29,Morning,10,11,88.0,1.5,14.5,1308.62
LBR-802882,WH-DXB-01,2026-05-29,Evening,10,10,80.0,0.0,14.5,1160.0
LBR-802883,WH-DXB-01,2026-05-29,Night,10,9,72.0,0.0,14.5,1044.0
LBR-802884,WH-AUH-01,2026-05-29,Morning,4,4,32.0,1.5,14.5,496.62
LBR-802885,WH-AUH-01,2026-05-29,Evening,4,4,32.0,0.0,14.5,464.0
LBR-802886,WH-AUH-01,2026-05-29,Night,4,4,32.0,2.0,14.5,507.5
LBR-802887,WH-SHJ-01,2026-05-29,Morning,3,2,16.0,0.0,14.5,232.0
LBR-802888,WH-SHJ-01,2026-05-29,Evening,3,3,24.0,0.0,14.5,348.0
LBR-802889,WH-SHJ-01,2026-05-29,Night,3,3,24.0,1.5,14.5,380.62
LBR-802890,WH-DWC-01,2026-05-29,Morning,7,6,48.0,1.5,14.5,728.62
LBR-802891,WH-DWC-01,2026-05-29,Evening,7,7,56.0,0.0,14.5,812.0
LBR-802892,WH-DWC-01,2026-05-29,Night,7,7,56.0,0.0,14.5,812.0
LBR-802893,WH-DXB-01,2026-05-30,Morning,10,11,88.0,0.0,14.5,1276.0
LBR-802894,WH-DXB-01,2026-05-30,Evening,10,10,80.0,0.0,14.5,1160.0
LBR-802895,WH-DXB-01,2026-05-30,Night,10,11,88.0,0.0,14.5,1276.0
LBR-802896,WH-AUH-01,2026-05-30,Morning,4,5,40.0,0.0,14.5,580.0
LBR-802897,WH-AUH-01,2026-05-30,Evening,4,4,32.0,2.0,14.5,507.5
LBR-802898,WH-AUH-01,2026-05-30,Night,4,3,24.0,1.5,14.5,380.62
LBR-802899,WH-SHJ-01,2026-05-30,Morning,3,3,24.0,0.0,14.5,348.0
LBR-802900,WH-SHJ-01,2026-05-30,Evening,3,3,24.0,0.0,14.5,348.0
LBR-802901,WH-SHJ-01,2026-05-30,Night,3,3,24.0,1.5,14.5,380.62
LBR-802902,WH-DWC-01,2026-05-30,Morning,7,7,56.0,2.0,14.5,855.5
LBR-802903,WH-DWC-01,2026-05-30,Evening,7,7,56.0,0.0,14.5,812.0
LBR-802904,WH-DWC-01,2026-05-30,Night,7,6,48.0,1.5,14.5,728.62
LBR-802905,WH-DXB-01,2026-05-31,Morning,18,19,152.0,1.5,14.5,2236.62
LBR-802906,WH-DXB-01,2026-05-31,Evening,18,18,144.0,2.0,14.5,2131.5
LBR-802907,WH-DXB-01,2026-05-31,Night,18,19,152.0,0.0,14.5,2204.0
LBR-802908,WH-AUH-01,2026-05-31,Morning,8,9,72.0,0.0,14.5,1044.0
LBR-802909,WH-AUH-01,2026-05-31,Evening,8,7,56.0,1.5,14.5,844.62
LBR-802910,WH-AUH-01,2026-05-31,Night,8,7,56.0,2.0,14.5,855.5
LBR-802911,WH-SHJ-01,2026-05-31,Morning,6,6,48.0,0.0,14.5,696.0
LBR-802912,WH-SHJ-01,2026-05-31,Evening,6,5,40.0,0.0,14.5,580.0
LBR-802913,WH-SHJ-01,2026-05-31,Night,6,7,56.0,0.0,14.5,812.0
LBR-802914,WH-DWC-01,2026-05-31,Morning,12,12,96.0,0.0,14.5,1392.0
LBR-802915,WH-DWC-01,2026-05-31,Evening,12,12,96.0,0.0,14.5,1392.0
LBR-802916,WH-DWC-01,2026-05-31,Night,12,12,96.0,1.5,14.5,1424.62
LBR-802917,WH-DXB-01,2026-06-01,Morning,18,18,144.0,1.5,14.5,2120.62
LBR-802918,WH-DXB-01,2026-06-01,Evening,18,18,144.0,0.0,14.5,2088.0
LBR-802919,WH-DXB-01,2026-06-01,Night,18,19,152.0,1.5,14.5,2236.62
LBR-802920,WH-AUH-01,2026-06-01,Morning,8,7,56.0,0.0,14.5,812.0
LBR-802921,WH-AUH-01,2026-06-01,Evening,8,9,72.0,2.0,14.5,1087.5
LBR-802922,WH-AUH-01,2026-06-01,Night,8,8,64.0,1.5,14.5,960.62
LBR-802923,WH-SHJ-01,2026-06-01,Morning,6,5,40.0,1.5,14.5,612.62
LBR-802924,WH-SHJ-01,2026-06-01,Evening,6,6,48.0,1.5,14.5,728.62
LBR-802925,WH-SHJ-01,2026-06-01,Night,6,6,48.0,1.5,14.5,728.62
LBR-802926,WH-DWC-01,2026-06-01,Morning,12,12,96.0,2.0,14.5,1435.5
LBR-802927,WH-DWC-01,2026-06-01,Evening,12,12,96.0,0.0,14.5,1392.0
LBR-802928,WH-DWC-01,2026-06-01,Night,12,12,96.0,2.0,14.5,1435.5
LBR-802929,WH-DXB-01,2026-06-02,Morning,18,19,152.0,0.0,14.5,2204.0
LBR-802930,WH-DXB-01,2026-06-02,Evening,18,18,144.0,1.5,14.5,2120.62
LBR-802931,WH-DXB-01,2026-06-02,Night,18,18,144.0,0.0,14.5,2088.0
LBR-802932,WH-AUH-01,2026-06-02,Morning,8,7,56.0,2.0,14.5,855.5
LBR-802933,WH-AUH-01,2026-06-02,Evening,8,9,72.0,1.5,14.5,1076.62
LBR-802934,WH-AUH-01,2026-06-02,Night,8,8,64.0,1.5,14.5,960.62
LBR-802935,WH-SHJ-01,2026-06-02,Morning,6,7,56.0,1.5,14.5,844.62
LBR-802936,WH-SHJ-01,2026-06-02,Evening,6,6,48.0,1.5,14.5,728.62
LBR-802937,WH-SHJ-01,2026-06-02,Night,6,6,48.0,2.0,14.5,739.5
LBR-802938,WH-DWC-01,2026-06-02,Morning,12,13,104.0,1.5,14.5,1540.62
LBR-802939,WH-DWC-01,2026-06-02,Evening,12,12,96.0,2.0,14.5,1435.5
LBR-802940,WH-DWC-01,2026-06-02,Night,12,12,96.0,1.5,14.5,1424.62
LBR-802941,WH-DXB-01,2026-06-03,Morning,18,18,144.0,1.5,14.5,2120.62
LBR-802942,WH-DXB-01,2026-06-03,Evening,18,18,144.0,1.5,14.5,2120.62
LBR-802943,WH-DXB-01,2026-06-03,Night,18,19,152.0,0.0,14.5,2204.0
LBR-802944,WH-AUH-01,2026-06-03,Morning,8,9,72.0,2.0,14.5,1087.5
LBR-802945,WH-AUH-01,2026-06-03,Evening,8,8,64.0,1.5,14.5,960.62
LBR-802946,WH-AUH-01,2026-06-03,Night,8,9,72.0,0.0,14.5,1044.0
LBR-802947,WH-SHJ-01,2026-06-03,Morning,6,7,56.0,0.0,14.5,812.0
LBR-802948,WH-SHJ-01,2026-06-03,Evening,6,6,48.0,1.5,14.5,728.62
LBR-802949,WH-SHJ-01,2026-06-03,Night,6,7,56.0,0.0,14.5,812.0
LBR-802950,WH-DWC-01,2026-06-03,Morning,12,13,104.0,0.0,14.5,1508.0
LBR-802951,WH-DWC-01,2026-06-03,Evening,12,12,96.0,1.5,14.5,1424.62
LBR-802952,WH-DWC-01,2026-06-03,Night,12,12,96.0,0.0,14.5,1392.0
LBR-802953,WH-DXB-01,2026-06-04,Morning,18,19,152.0,2.0,14.5,2247.5
LBR-802954,WH-DXB-01,2026-06-04,Evening,18,18,144.0,1.5,14.5,2120.62
LBR-802955,WH-DXB-01,2026-06-04,Night,18,18,144.0,2.0,14.5,2131.5
LBR-802956,WH-AUH-01,2026-06-04,Morning,8,9,72.0,2.0,14.5,1087.5
LBR-802957,WH-AUH-01,2026-06-04,Evening,8,8,64.0,0.0,14.5,928.0
LBR-802958,WH-AUH-01,2026-06-04,Night,8,8,64.0,0.0,14.5,928.0
LBR-802959,WH-SHJ-01,2026-06-04,Morning,6,6,48.0,0.0,14.5,696.0
LBR-802960,WH-SHJ-01,2026-06-04,Evening,6,7,56.0,0.0,14.5,812.0
LBR-802961,WH-SHJ-01,2026-06-04,Night,6,7,56.0,2.0,14.5,855.5
LBR-802962,WH-DWC-01,2026-06-04,Morning,12,11,88.0,0.0,14.5,1276.0
LBR-802963,WH-DWC-01,2026-06-04,Evening,12,13,104.0,0.0,14.5,1508.0
LBR-802964,WH-DWC-01,2026-06-04,Night,12,13,104.0,2.0,14.5,1551.5
LBR-802965,WH-DXB-01,2026-06-05,Morning,10,11,88.0,0.0,14.5,1276.0
LBR-802966,WH-DXB-01,2026-06-05,Evening,10,11,88.0,0.0,14.5,1276.0
LBR-802967,WH-DXB-01,2026-06-05,Night,10,11,88.0,0.0,14.5,1276.0
LBR-802968,WH-AUH-01,2026-06-05,Morning,4,4,32.0,1.5,14.5,496.62
LBR-802969,WH-AUH-01,2026-06-05,Evening,4,4,32.0,2.0,14.5,507.5
LBR-802970,WH-AUH-01,2026-06-05,Night,4,3,24.0,2.0,14.5,391.5
LBR-802971,WH-SHJ-01,2026-06-05,Morning,3,4,32.0,1.5,14.5,496.62
LBR-802972,WH-SHJ-01,2026-06-05,Evening,3,2,16.0,2.0,14.5,275.5
LBR-802973,WH-SHJ-01,2026-06-05,Night,3,3,24.0,1.5,14.5,380.62
LBR-802974,WH-DWC-01,2026-06-05,Morning,7,8,64.0,1.5,14.5,960.62
LBR-802975,WH-DWC-01,2026-06-05,Evening,7,6,48.0,1.5,14.5,728.62
LBR-802976,WH-DWC-01,2026-06-05,Night,7,7,56.0,2.0,14.5,855.5
LBR-802977,WH-DXB-01,2026-06-06,Morning,10,10,80.0,0.0,14.5,1160.0
LBR-802978,WH-DXB-01,2026-06-06,Evening,10,10,80.0,0.0,14.5,1160.0
LBR-802979,WH-DXB-01,2026-06-06,Night,10,11,88.0,0.0,14.5,1276.0
LBR-802980,WH-AUH-01,2026-06-06,Morning,4,4,32.0,2.0,14.5,507.5
LBR-802981,WH-AUH-01,2026-06-06,Evening,4,4,32.0,0.0,14.5,464.0
LBR-802982,WH-AUH-01,2026-06-06,Night,4,4,32.0,1.5,14.5,496.62
LBR-802983,WH-SHJ-01,2026-06-06,Morning,3,3,24.0,0.0,14.5,348.0
LBR-802984,WH-SHJ-01,2026-06-06,Evening,3,3,24.0,0.0,14.5,348.0
LBR-802985,WH-SHJ-01,2026-06-06,Night,3,3,24.0,0.0,14.5,348.0
LBR-802986,WH-DWC-01,2026-06-06,Morning,7,8,64.0,2.0,14.5,971.5
LBR-802987,WH-DWC-01,2026-06-06,Evening,7,7,56.0,2.0,14.5,855.5
LBR-802988,WH-DWC-01,2026-06-06,Night,7,8,64.0,1.5,14.5,960.62
LBR-802989,WH-DXB-01,2026-06-07,Morning,18,18,144.0,1.5,14.5,2120.62
LBR-802990,WH-DXB-01,2026-06-07,Evening,18,18,144.0,1.5,14.5,2120.62
LBR-802991,WH-DXB-01,2026-06-07,Night,18,19,152.0,2.0,14.5,2247.5
LBR-802992,WH-AUH-01,2026-06-07,Morning,8,8,64.0,0.0,14.5,928.0
LBR-802993,WH-AUH-01,2026-06-07,Evening,8,8,64.0,0.0,14.5,928.0
LBR-802994,WH-AUH-01,2026-06-07,Night,8,8,64.0,0.0,14.5,928.0
LBR-802995,WH-SHJ-01,2026-06-07,Morning,6,7,56.0,0.0,14.5,812.0
LBR-802996,WH-SHJ-01,2026-06-07,Evening,6,5,40.0,0.0,14.5,580.0
LBR-802997,WH-SHJ-01,2026-06-07,Night,6,7,56.0,0.0,14.5,812.0
LBR-802998,WH-DWC-01,2026-06-07,Morning,12,13,104.0,1.5,14.5,1540.62
LBR-802999,WH-DWC-01,2026-06-07,Evening,12,12,96.0,0.0,14.5,1392.0
LBR-803000,WH-DWC-01,2026-06-07,Night,12,12,96.0,0.0,14.5,1392.0
LBR-803001,WH-DXB-01,2026-06-08,Morning,18,18,144.0,2.0,14.5,2131.5
LBR-803002,WH-DXB-01,2026-06-08,Evening,18,18,144.0,0.0,14.5,2088.0
LBR-803003,WH-DXB-01,2026-06-08,Night,18,18,144.0,2.0,14.5,2131.5
LBR-803004,WH-AUH-01,2026-06-08,Morning,8,8,64.0,0.0,14.5,928.0
LBR-803005,WH-AUH-01,2026-06-08,Evening,8,8,64.0,2.0,14.5,971.5
LBR-803006,WH-AUH-01,2026-06-08,Night,8,9,72.0,0.0,14.5,1044.0
LBR-803007,WH-SHJ-01,2026-06-08,Morning,6,6,48.0,1.5,14.5,728.62
LBR-803008,WH-SHJ-01,2026-06-08,Evening,6,6,48.0,0.0,14.5,696.0
LBR-803009,WH-SHJ-01,2026-06-08,Night,6,6,48.0,2.0,14.5,739.5
LBR-803010,WH-DWC-01,2026-06-08,Morning,12,13,104.0,0.0,14.5,1508.0
LBR-803011,WH-DWC-01,2026-06-08,Evening,12,11,88.0,0.0,14.5,1276.0
LBR-803012,WH-DWC-01,2026-06-08,Night,12,12,96.0,1.5,14.5,1424.62
LBR-803013,WH-DXB-01,2026-06-09,Morning,18,19,152.0,0.0,14.5,2204.0
LBR-803014,WH-DXB-01,2026-06-09,Evening,18,18,144.0,1.5,14.5,2120.62
LBR-803015,WH-DXB-01,2026-06-09,Night,18,18,144.0,0.0,14.5,2088.0
LBR-803016,WH-AUH-01,2026-06-09,Morning,8,7,56.0,0.0,14.5,812.0
LBR-803017,WH-AUH-01,2026-06-09,Evening,8,7,56.0,1.5,14.5,844.62
LBR-803018,WH-AUH-01,2026-06-09,Night,8,7,56.0,0.0,14.5,812.0
LBR-803019,WH-SHJ-01,2026-06-09,Morning,6,6,48.0,0.0,14.5,696.0
LBR-803020,WH-SHJ-01,2026-06-09,Evening,6,6,48.0,0.0,14.5,696.0
LBR-803021,WH-SHJ-01,2026-06-09,Night,6,6,48.0,1.5,14.5,728.62
LBR-803022,WH-DWC-01,2026-06-09,Morning,12,12,96.0,1.5,14.5,1424.62
LBR-803023,WH-DWC-01,2026-06-09,Evening,12,11,88.0,1.5,14.5,1308.62
LBR-803024,WH-DWC-01,2026-06-09,Night,12,12,96.0,1.5,14.5,1424.62
LBR-803025,WH-DXB-01,2026-06-10,Morning,18,18,144.0,0.0,14.5,2088.0
LBR-803026,WH-DXB-01,2026-06-10,Evening,18,17,136.0,0.0,14.5,1972.0
LBR-803027,WH-DXB-01,2026-06-10,Night,18,17,136.0,0.0,14.5,1972.0
LBR-803028,WH-AUH-01,2026-06-10,Morning,8,9,72.0,2.0,14.5,1087.5
LBR-803029,WH-AUH-01,2026-06-10,Evening,8,8,64.0,0.0,14.5,928.0
LBR-803030,WH-AUH-01,2026-06-10,Night,8,8,64.0,1.5,14.5,960.62
LBR-803031,WH-SHJ-01,2026-06-10,Morning,6,6,48.0,2.0,14.5,739.5
LBR-803032,WH-SHJ-01,2026-06-10,Evening,6,6,48.0,0.0,14.5,696.0
LBR-803033,WH-SHJ-01,2026-06-10,Night,6,6,48.0,0.0,14.5,696.0
LBR-803034,WH-DWC-01,2026-06-10,Morning,12,12,96.0,2.0,14.5,1435.5
LBR-803035,WH-DWC-01,2026-06-10,Evening,12,11,88.0,2.0,14.5,1319.5
LBR-803036,WH-DWC-01,2026-06-10,Night,12,12,96.0,0.0,14.5,1392.0
LBR-803037,WH-DXB-01,2026-06-11,Morning,18,19,152.0,0.0,14.5,2204.0
LBR-803038,WH-DXB-01,2026-06-11,Evening,18,17,136.0,1.5,14.5,2004.62
LBR-803039,WH-DXB-01,2026-06-11,Night,18,17,136.0,1.5,14.5,2004.62
LBR-803040,WH-AUH-01,2026-06-11,Morning,8,8,64.0,0.0,14.5,928.0
LBR-803041,WH-AUH-01,2026-06-11,Evening,8,8,64.0,2.0,14.5,971.5
LBR-803042,WH-AUH-01,2026-06-11,Night,8,7,56.0,0.0,14.5,812.0
LBR-803043,WH-SHJ-01,2026-06-11,Morning,6,6,48.0,1.5,14.5,728.62
LBR-803044,WH-SHJ-01,2026-06-11,Evening,6,6,48.0,0.0,14.5,696.0
LBR-803045,WH-SHJ-01,2026-06-11,Night,6,6,48.0,0.0,14.5,696.0
LBR-803046,WH-DWC-01,2026-06-11,Morning,12,12,96.0,0.0,14.5,1392.0
LBR-803047,WH-DWC-01,2026-06-11,Evening,12,12,96.0,2.0,14.5,1435.5
LBR-803048,WH-DWC-01,2026-06-11,Night,12,11,88.0,0.0,14.5,1276.0
LBR-803049,WH-DXB-01,2026-06-12,Morning,10,10,80.0,1.5,14.5,1192.62
LBR-803050,WH-DXB-01,2026-06-12,Evening,10,9,72.0,0.0,14.5,1044.0
LBR-803051,WH-DXB-01,2026-06-12,Night,10,10,80.0,0.0,14.5,1160.0
LBR-803052,WH-AUH-01,2026-06-12,Morning,4,4,32.0,1.5,14.5,496.62
LBR-803053,WH-AUH-01,2026-06-12,Evening,4,4,32.0,1.5,14.5,496.62
LBR-803054,WH-AUH-01,2026-06-12,Night,4,3,24.0,1.5,14.5,380.62
LBR-803055,WH-SHJ-01,2026-06-12,Morning,3,3,24.0,0.0,14.5,348.0
LBR-803056,WH-SHJ-01,2026-06-12,Evening,3,4,32.0,1.5,14.5,496.62
LBR-803057,WH-SHJ-01,2026-06-12,Night,3,3,24.0,0.0,14.5,348.0
LBR-803058,WH-DWC-01,2026-06-12,Morning,7,8,64.0,0.0,14.5,928.0
LBR-803059,WH-DWC-01,2026-06-12,Evening,7,8,64.0,2.0,14.5,971.5
LBR-803060,WH-DWC-01,2026-06-12,Night,7,7,56.0,1.5,14.5,844.62
LBR-803061,WH-DXB-01,2026-06-13,Morning,10,10,80.0,0.0,14.5,1160.0
LBR-803062,WH-DXB-01,2026-06-13,Evening,10,10,80.0,2.0,14.5,1203.5
LBR-803063,WH-DXB-01,2026-06-13,Night,10,10,80.0,0.0,14.5,1160.0
LBR-803064,WH-AUH-01,2026-06-13,Morning,4,3,24.0,1.5,14.5,380.62
LBR-803065,WH-AUH-01,2026-06-13,Evening,4,4,32.0,2.0,14.5,507.5
LBR-803066,WH-AUH-01,2026-06-13,Night,4,4,32.0,0.0,14.5,464.0
LBR-803067,WH-SHJ-01,2026-06-13,Morning,3,3,24.0,2.0,14.5,391.5
LBR-803068,WH-SHJ-01,2026-06-13,Evening,3,2,16.0,0.0,14.5,232.0
LBR-803069,WH-SHJ-01,2026-06-13,Night,3,3,24.0,1.5,14.5,380.62
LBR-803070,WH-DWC-01,2026-06-13,Morning,7,8,64.0,1.5,14.5,960.62
LBR-803071,WH-DWC-01,2026-06-13,Evening,7,6,48.0,0.0,14.5,696.0
LBR-803072,WH-DWC-01,2026-06-13,Night,7,6,48.0,0.0,14.5,696.0
LBR-803073,WH-DXB-01,2026-06-14,Morning,18,17,136.0,2.0,14.5,2015.5
LBR-803074,WH-DXB-01,2026-06-14,Evening,18,18,144.0,0.0,14.5,2088.0
LBR-803075,WH-DXB-01,2026-06-14,Night,18,19,152.0,0.0,14.5,2204.0
LBR-803076,WH-AUH-01,2026-06-14,Morning,8,7,56.0,0.0,14.5,812.0
LBR-803077,WH-AUH-01,2026-06-14,Evening,8,9,72.0,0.0,14.5,1044.0
LBR-803078,WH-AUH-01,2026-06-14,Night,8,7,56.0,2.0,14.5,855.5
LBR-803079,WH-SHJ-01,2026-06-14,Morning,6,7,56.0,0.0,14.5,812.0
LBR-803080,WH-SHJ-01,2026-06-14,Evening,6,7,56.0,2.0,14.5,855.5
LBR-803081,WH-SHJ-01,2026-06-14,Night,6,6,48.0,0.0,14.5,696.0
LBR-803082,WH-DWC-01,2026-06-14,Morning,12,13,104.0,2.0,14.5,1551.5
LBR-803083,WH-DWC-01,2026-06-14,Evening,12,12,96.0,1.5,14.5,1424.62
LBR-803084,WH-DWC-01,2026-06-14,Night,12,12,96.0,0.0,14.5,1392.0
LBR-803085,WH-DXB-01,2026-06-15,Morning,18,19,152.0,1.5,14.5,2236.62
LBR-803086,WH-DXB-01,2026-06-15,Evening,18,17,136.0,2.0,14.5,2015.5
LBR-803087,WH-DXB-01,2026-06-15,Night,18,17,136.0,0.0,14.5,1972.0
LBR-803088,WH-AUH-01,2026-06-15,Morning,8,8,64.0,2.0,14.5,971.5
LBR-803089,WH-AUH-01,2026-06-15,Evening,8,8,64.0,0.0,14.5,928.0
LBR-803090,WH-AUH-01,2026-06-15,Night,8,7,56.0,0.0,14.5,812.0
LBR-803091,WH-SHJ-01,2026-06-15,Morning,6,5,40.0,0.0,14.5,580.0
LBR-803092,WH-SHJ-01,2026-06-15,Evening,6,5,40.0,0.0,14.5,580.0
LBR-803093,WH-SHJ-01,2026-06-15,Night,6,6,48.0,0.0,14.5,696.0
LBR-803094,WH-DWC-01,2026-06-15,Morning,12,12,96.0,0.0,14.5,1392.0
LBR-803095,WH-DWC-01,2026-06-15,Evening,12,12,96.0,0.0,14.5,1392.0
LBR-803096,WH-DWC-01,2026-06-15,Night,12,11,88.0,2.0,14.5,1319.5
LBR-803097,WH-DXB-01,2026-06-16,Morning,18,19,152.0,1.5,14.5,2236.62
LBR-803098,WH-DXB-01,2026-06-16,Evening,18,17,136.0,0.0,14.5,1972.0
LBR-803099,WH-DXB-01,2026-06-16,Night,18,17,136.0,1.5,14.5,2004.62
LBR-803100,WH-AUH-01,2026-06-16,Morning,8,9,72.0,0.0,14.5,1044.0
LBR-803101,WH-AUH-01,2026-06-16,Evening,8,8,64.0,2.0,14.5,971.5
LBR-803102,WH-AUH-01,2026-06-16,Night,8,9,72.0,0.0,14.5,1044.0
LBR-803103,WH-SHJ-01,2026-06-16,Morning,6,6,48.0,1.5,14.5,728.62
LBR-803104,WH-SHJ-01,2026-06-16,Evening,6,6,48.0,0.0,14.5,696.0
LBR-803105,WH-SHJ-01,2026-06-16,Night,6,6,48.0,0.0,14.5,696.0
LBR-803106,WH-DWC-01,2026-06-16,Morning,12,13,104.0,2.0,14.5,1551.5
LBR-803107,WH-DWC-01,2026-06-16,Evening,12,13,104.0,0.0,14.5,1508.0
LBR-803108,WH-DWC-01,2026-06-16,Night,12,13,104.0,0.0,14.5,1508.0
LBR-803109,WH-DXB-01,2026-06-17,Morning,18,18,144.0,0.0,14.5,2088.0
LBR-803110,WH-DXB-01,2026-06-17,Evening,18,19,152.0,1.5,14.5,2236.62
LBR-803111,WH-DXB-01,2026-06-17,Night,18,19,152.0,0.0,14.5,2204.0
LBR-803112,WH-AUH-01,2026-06-17,Morning,8,8,64.0,0.0,14.5,928.0
LBR-803113,WH-AUH-01,2026-06-17,Evening,8,8,64.0,0.0,14.5,928.0
LBR-803114,WH-AUH-01,2026-06-17,Night,8,8,64.0,1.5,14.5,960.62
LBR-803115,WH-SHJ-01,2026-06-17,Morning,6,5,40.0,0.0,14.5,580.0
LBR-803116,WH-SHJ-01,2026-06-17,Evening,6,5,40.0,1.5,14.5,612.62
LBR-803117,WH-SHJ-01,2026-06-17,Night,6,5,40.0,0.0,14.5,580.0
LBR-803118,WH-DWC-01,2026-06-17,Morning,12,12,96.0,2.0,14.5,1435.5
LBR-803119,WH-DWC-01,2026-06-17,Evening,12,12,96.0,0.0,14.5,1392.0
LBR-803120,WH-DWC-01,2026-06-17,Night,12,11,88.0,2.0,14.5,1319.5
LBR-803121,WH-DXB-01,2026-06-18,Morning,18,19,152.0,2.0,14.5,2247.5
LBR-803122,WH-DXB-01,2026-06-18,Evening,18,19,152.0,0.0,14.5,2204.0
LBR-803123,WH-DXB-01,2026-06-18,Night,18,18,144.0,0.0,14.5,2088.0
LBR-803124,WH-AUH-01,2026-06-18,Morning,8,9,72.0,1.5,14.5,1076.62
LBR-803125,WH-AUH-01,2026-06-18,Evening,8,8,64.0,2.0,14.5,971.5
LBR-803126,WH-AUH-01,2026-06-18,Night,8,8,64.0,2.0,14.5,971.5
LBR-803127,WH-SHJ-01,2026-06-18,Morning,6,6,48.0,2.0,14.5,739.5
LBR-803128,WH-SHJ-01,2026-06-18,Evening,6,6,48.0,0.0,14.5,696.0
LBR-803129,WH-SHJ-01,2026-06-18,Night,6,6,48.0,1.5,14.5,728.62
LBR-803130,WH-DWC-01,2026-06-18,Morning,12,13,104.0,2.0,14.5,1551.5
LBR-803131,WH-DWC-01,2026-06-18,Evening,12,13,104.0,0.0,14.5,1508.0
LBR-803132,WH-DWC-01,2026-06-18,Night,12,12,96.0,0.0,14.5,1392.0
LBR-803133,WH-DXB-01,2026-06-19,Morning,10,10,80.0,0.0,14.5,1160.0
LBR-803134,WH-DXB-01,2026-06-19,Evening,10,9,72.0,0.0,14.5,1044.0
LBR-803135,WH-DXB-01,2026-06-19,Night,10,9,72.0,2.0,14.5,1087.5
LBR-803136,WH-AUH-01,2026-06-19,Morning,4,5,40.0,2.0,14.5,623.5
LBR-803137,WH-AUH-01,2026-06-19,Evening,4,5,40.0,1.5,14.5,612.62
LBR-803138,WH-AUH-01,2026-06-19,Night,4,4,32.0,0.0,14.5,464.0
LBR-803139,WH-SHJ-01,2026-06-19,Morning,3,2,16.0,0.0,14.5,232.0
LBR-803140,WH-SHJ-01,2026-06-19,Evening,3,3,24.0,0.0,14.5,348.0
LBR-803141,WH-SHJ-01,2026-06-19,Night,3,2,16.0,0.0,14.5,232.0
LBR-803142,WH-DWC-01,2026-06-19,Morning,7,6,48.0,0.0,14.5,696.0
LBR-803143,WH-DWC-01,2026-06-19,Evening,7,7,56.0,2.0,14.5,855.5
LBR-803144,WH-DWC-01,2026-06-19,Night,7,7,56.0,0.0,14.5,812.0
LBR-803145,WH-DXB-01,2026-06-20,Morning,10,11,88.0,1.5,14.5,1308.62
LBR-803146,WH-DXB-01,2026-06-20,Evening,10,11,88.0,2.0,14.5,1319.5
LBR-803147,WH-DXB-01,2026-06-20,Night,10,11,88.0,1.5,14.5,1308.62
LBR-803148,WH-AUH-01,2026-06-20,Morning,4,3,24.0,0.0,14.5,348.0
LBR-803149,WH-AUH-01,2026-06-20,Evening,4,4,32.0,1.5,14.5,496.62
LBR-803150,WH-AUH-01,2026-06-20,Night,4,5,40.0,0.0,14.5,580.0
LBR-803151,WH-SHJ-01,2026-06-20,Morning,3,2,16.0,1.5,14.5,264.62
LBR-803152,WH-SHJ-01,2026-06-20,Evening,3,3,24.0,1.5,14.5,380.62
LBR-803153,WH-SHJ-01,2026-06-20,Night,3,3,24.0,0.0,14.5,348.0
LBR-803154,WH-DWC-01,2026-06-20,Morning,7,6,48.0,2.0,14.5,739.5
LBR-803155,WH-DWC-01,2026-06-20,Evening,7,7,56.0,2.0,14.5,855.5
LBR-803156,WH-DWC-01,2026-06-20,Night,7,6,48.0,0.0,14.5,696.0
LBR-803157,WH-DXB-01,2026-06-21,Morning,18,17,136.0,2.0,14.5,2015.5
LBR-803158,WH-DXB-01,2026-06-21,Evening,18,19,152.0,1.5,14.5,2236.62
LBR-803159,WH-DXB-01,2026-06-21,Night,18,18,144.0,2.0,14.5,2131.5
LBR-803160,WH-AUH-01,2026-06-21,Morning,8,8,64.0,0.0,14.5,928.0
LBR-803161,WH-AUH-01,2026-06-21,Evening,8,8,64.0,0.0,14.5,928.0
LBR-803162,WH-AUH-01,2026-06-21,Night,8,8,64.0,0.0,14.5,928.0
LBR-803163,WH-SHJ-01,2026-06-21,Morning,6,6,48.0,0.0,14.5,696.0
LBR-803164,WH-SHJ-01,2026-06-21,Evening,6,5,40.0,1.5,14.5,612.62
LBR-803165,WH-SHJ-01,2026-06-21,Night,6,5,40.0,0.0,14.5,580.0
LBR-803166,WH-DWC-01,2026-06-21,Morning,12,13,104.0,0.0,14.5,1508.0
LBR-803167,WH-DWC-01,2026-06-21,Evening,12,13,104.0,0.0,14.5,1508.0
LBR-803168,WH-DWC-01,2026-06-21,Night,12,11,88.0,0.0,14.5,1276.0
LBR-803169,WH-DXB-01,2026-06-22,Morning,18,18,144.0,0.0,14.5,2088.0
LBR-803170,WH-DXB-01,2026-06-22,Evening,18,17,136.0,2.0,14.5,2015.5
LBR-803171,WH-DXB-01,2026-06-22,Night,18,18,144.0,0.0,14.5,2088.0
LBR-803172,WH-AUH-01,2026-06-22,Morning,8,7,56.0,1.5,14.5,844.62
LBR-803173,WH-AUH-01,2026-06-22,Evening,8,7,56.0,2.0,14.5,855.5
LBR-803174,WH-AUH-01,2026-06-22,Night,8,7,56.0,0.0,14.5,812.0
LBR-803175,WH-SHJ-01,2026-06-22,Morning,6,6,48.0,0.0,14.5,696.0
LBR-803176,WH-SHJ-01,2026-06-22,Evening,6,5,40.0,0.0,14.5,580.0
LBR-803177,WH-SHJ-01,2026-06-22,Night,6,6,48.0,0.0,14.5,696.0
LBR-803178,WH-DWC-01,2026-06-22,Morning,12,11,88.0,2.0,14.5,1319.5
LBR-803179,WH-DWC-01,2026-06-22,Evening,12,13,104.0,1.5,14.5,1540.62
LBR-803180,WH-DWC-01,2026-06-22,Night,12,12,96.0,0.0,14.5,1392.0
LBR-803181,WH-DXB-01,2026-06-23,Morning,18,18,144.0,2.0,14.5,2131.5
LBR-803182,WH-DXB-01,2026-06-23,Evening,18,17,136.0,1.5,14.5,2004.62
LBR-803183,WH-DXB-01,2026-06-23,Night,18,17,136.0,0.0,14.5,1972.0
LBR-803184,WH-AUH-01,2026-06-23,Morning,8,7,56.0,1.5,14.5,844.62
LBR-803185,WH-AUH-01,2026-06-23,Evening,8,9,72.0,0.0,14.5,1044.0
LBR-803186,WH-AUH-01,2026-06-23,Night,8,8,64.0,1.5,14.5,960.62
LBR-803187,WH-SHJ-01,2026-06-23,Morning,6,7,56.0,2.0,14.5,855.5
LBR-803188,WH-SHJ-01,2026-06-23,Evening,6,6,48.0,0.0,14.5,696.0
LBR-803189,WH-SHJ-01,2026-06-23,Night,6,5,40.0,0.0,14.5,580.0
LBR-803190,WH-DWC-01,2026-06-23,Morning,12,13,104.0,0.0,14.5,1508.0
LBR-803191,WH-DWC-01,2026-06-23,Evening,12,11,88.0,0.0,14.5,1276.0
LBR-803192,WH-DWC-01,2026-06-23,Night,12,11,88.0,2.0,14.5,1319.5
LBR-803193,WH-DXB-01,2026-06-24,Morning,18,19,152.0,0.0,14.5,2204.0
LBR-803194,WH-DXB-01,2026-06-24,Evening,18,18,144.0,2.0,14.5,2131.5
LBR-803195,WH-DXB-01,2026-06-24,Night,18,17,136.0,1.5,14.5,2004.62
LBR-803196,WH-AUH-01,2026-06-24,Morning,8,9,72.0,0.0,14.5,1044.0
LBR-803197,WH-AUH-01,2026-06-24,Evening,8,7,56.0,2.0,14.5,855.5
LBR-803198,WH-AUH-01,2026-06-24,Night,8,8,64.0,2.0,14.5,971.5
LBR-803199,WH-SHJ-01,2026-06-24,Morning,6,6,48.0,0.0,14.5,696.0
LBR-803200,WH-SHJ-01,2026-06-24,Evening,6,6,48.0,2.0,14.5,739.5
LBR-803201,WH-SHJ-01,2026-06-24,Night,6,6,48.0,2.0,14.5,739.5
LBR-803202,WH-DWC-01,2026-06-24,Morning,12,12,96.0,2.0,14.5,1435.5
LBR-803203,WH-DWC-01,2026-06-24,Evening,12,13,104.0,0.0,14.5,1508.0
LBR-803204,WH-DWC-01,2026-06-24,Night,12,12,96.0,0.0,14.5,1392.0
LBR-803205,WH-DXB-01,2026-06-25,Morning,18,17,136.0,1.5,14.5,2004.62
LBR-803206,WH-DXB-01,2026-06-25,Evening,18,18,144.0,0.0,14.5,2088.0
LBR-803207,WH-DXB-01,2026-06-25,Night,18,18,144.0,0.0,14.5,2088.0
LBR-803208,WH-AUH-01,2026-06-25,Morning,8,9,72.0,1.5,14.5,1076.62
LBR-803209,WH-AUH-01,2026-06-25,Evening,8,8,64.0,1.5,14.5,960.62
LBR-803210,WH-AUH-01,2026-06-25,Night,8,8,64.0,0.0,14.5,928.0
LBR-803211,WH-SHJ-01,2026-06-25,Morning,6,6,48.0,2.0,14.5,739.5
LBR-803212,WH-SHJ-01,2026-06-25,Evening,6,6,48.0,1.5,14.5,728.62
LBR-803213,WH-SHJ-01,2026-06-25,Night,6,6,48.0,0.0,14.5,696.0
LBR-803214,WH-DWC-01,2026-06-25,Morning,12,11,88.0,2.0,14.5,1319.5
LBR-803215,WH-DWC-01,2026-06-25,Evening,12,12,96.0,0.0,14.5,1392.0
LBR-803216,WH-DWC-01,2026-06-25,Night,12,13,104.0,0.0,14.5,1508.0
LBR-803217,WH-DXB-01,2026-06-26,Morning,10,11,88.0,0.0,14.5,1276.0
LBR-803218,WH-DXB-01,2026-06-26,Evening,10,10,80.0,0.0,14.5,1160.0
LBR-803219,WH-DXB-01,2026-06-26,Night,10,11,88.0,0.0,14.5,1276.0
LBR-803220,WH-AUH-01,2026-06-26,Morning,4,5,40.0,1.5,14.5,612.62
LBR-803221,WH-AUH-01,2026-06-26,Evening,4,4,32.0,2.0,14.5,507.5
LBR-803222,WH-AUH-01,2026-06-26,Night,4,4,32.0,0.0,14.5,464.0
LBR-803223,WH-SHJ-01,2026-06-26,Morning,3,3,24.0,1.5,14.5,380.62
LBR-803224,WH-SHJ-01,2026-06-26,Evening,3,3,24.0,0.0,14.5,348.0
LBR-803225,WH-SHJ-01,2026-06-26,Night,3,3,24.0,0.0,14.5,348.0
LBR-803226,WH-DWC-01,2026-06-26,Morning,7,7,56.0,1.5,14.5,844.62
LBR-803227,WH-DWC-01,2026-06-26,Evening,7,7,56.0,2.0,14.5,855.5
LBR-803228,WH-DWC-01,2026-06-26,Night,7,8,64.0,2.0,14.5,971.5
LBR-803229,WH-DXB-01,2026-06-27,Morning,10,10,80.0,1.5,14.5,1192.62
LBR-803230,WH-DXB-01,2026-06-27,Evening,10,9,72.0,1.5,14.5,1076.62
LBR-803231,WH-DXB-01,2026-06-27,Night,10,10,80.0,1.5,14.5,1192.62
LBR-803232,WH-AUH-01,2026-06-27,Morning,4,3,24.0,1.5,14.5,380.62
LBR-803233,WH-AUH-01,2026-06-27,Evening,4,4,32.0,2.0,14.5,507.5
LBR-803234,WH-AUH-01,2026-06-27,Night,4,5,40.0,0.0,14.5,580.0
LBR-803235,WH-SHJ-01,2026-06-27,Morning,3,3,24.0,0.0,14.5,348.0
LBR-803236,WH-SHJ-01,2026-06-27,Evening,3,3,24.0,0.0,14.5,348.0
LBR-803237,WH-SHJ-01,2026-06-27,Night,3,2,16.0,1.5,14.5,264.62
LBR-803238,WH-DWC-01,2026-06-27,Morning,7,6,48.0,1.5,14.5,728.62
LBR-803239,WH-DWC-01,2026-06-27,Evening,7,7,56.0,1.5,14.5,844.62
LBR-803240,WH-DWC-01,2026-06-27,Night,7,8,64.0,0.0,14.5,928.0
LBR-803241,WH-DXB-01,2026-06-28,Morning,18,18,144.0,2.0,14.5,2131.5
LBR-803242,WH-DXB-01,2026-06-28,Evening,18,17,136.0,2.0,14.5,2015.5
LBR-803243,WH-DXB-01,2026-06-28,Night,18,19,152.0,1.5,14.5,2236.62
LBR-803244,WH-AUH-01,2026-06-28,Morning,8,9,72.0,2.0,14.5,1087.5
LBR-803245,WH-AUH-01,2026-06-28,Evening,8,9,72.0,1.5,14.5,1076.62
LBR-803246,WH-AUH-01,2026-06-28,Night,8,9,72.0,0.0,14.5,1044.0
LBR-803247,WH-SHJ-01,2026-06-28,Morning,6,5,40.0,2.0,14.5,623.5
LBR-803248,WH-SHJ-01,2026-06-28,Evening,6,7,56.0,0.0,14.5,812.0
LBR-803249,WH-SHJ-01,2026-06-28,Night,6,7,56.0,1.5,14.5,844.62
LBR-803250,WH-DWC-01,2026-06-28,Morning,12,12,96.0,0.0,14.5,1392.0
LBR-803251,WH-DWC-01,2026-06-28,Evening,12,13,104.0,0.0,14.5,1508.0
LBR-803252,WH-DWC-01,2026-06-28,Night,12,13,104.0,2.0,14.5,1551.5
LBR-803253,WH-DXB-01,2026-06-29,Morning,18,18,144.0,0.0,14.5,2088.0
LBR-803254,WH-DXB-01,2026-06-29,Evening,18,17,136.0,1.5,14.5,2004.62
LBR-803255,WH-DXB-01,2026-06-29,Night,18,17,136.0,0.0,14.5,1972.0
LBR-803256,WH-AUH-01,2026-06-29,Morning,8,9,72.0,0.0,14.5,1044.0
LBR-803257,WH-AUH-01,2026-06-29,Evening,8,8,64.0,0.0,14.5,928.0
LBR-803258,WH-AUH-01,2026-06-29,Night,8,8,64.0,0.0,14.5,928.0
LBR-803259,WH-SHJ-01,2026-06-29,Morning,6,5,40.0,1.5,14.5,612.62
LBR-803260,WH-SHJ-01,2026-06-29,Evening,6,6,48.0,0.0,14.5,696.0
LBR-803261,WH-SHJ-01,2026-06-29,Night,6,6,48.0,0.0,14.5,696.0
LBR-803262,WH-DWC-01,2026-06-29,Morning,12,12,96.0,2.0,14.5,1435.5
LBR-803263,WH-DWC-01,2026-06-29,Evening,12,11,88.0,0.0,14.5,1276.0
LBR-803264,WH-DWC-01,2026-06-29,Night,12,13,104.0,1.5,14.5,1540.62
LBR-803265,WH-DXB-01,2026-06-30,Morning,18,19,152.0,2.0,14.5,2247.5
LBR-803266,WH-DXB-01,2026-06-30,Evening,18,18,144.0,2.0,14.5,2131.5
LBR-803267,WH-DXB-01,2026-06-30,Night,18,19,152.0,0.0,14.5,2204.0
LBR-803268,WH-AUH-01,2026-06-30,Morning,8,8,64.0,2.0,14.5,971.5
LBR-803269,WH-AUH-01,2026-06-30,Evening,8,7,56.0,2.0,14.5,855.5
LBR-803270,WH-AUH-01,2026-06-30,Night,8,8,64.0,1.5,14.5,960.62
LBR-803271,WH-SHJ-01,2026-06-30,Morning,6,7,56.0,0.0,14.5,812.0
LBR-803272,WH-SHJ-01,2026-06-30,Evening,6,6,48.0,0.0,14.5,696.0
LBR-803273,WH-SHJ-01,2026-06-30,Night,6,6,48.0,2.0,14.5,739.5
LBR-803274,WH-DWC-01,2026-06-30,Morning,12,12,96.0,1.5,14.5,1424.62
LBR-803275,WH-DWC-01,2026-06-30,Evening,12,11,88.0,0.0,14.5,1276.0
LBR-803276,WH-DWC-01,2026-06-30,Night,12,12,96.0,0.0,14.5,1392.0
